user_id,likeability,energy,playfulness,aggression,size,training
0,2,5,7,4,6,9
1,2,5,2,9,6,4
2,6,4,7,4,4,7
3,1,4,3,5,4,9
4,7,8,3,1,9,2
5,9,5,1,7,7,8
6,8,7,9,8,2,2
7,1,9,7,5,9,4
8,7,1,6,9,2,5
9,3,8,4,1,3,2
10,2,4,2,4,2,7
11,7,8,5,6,3,2
12,3,6,3,7,8,8
13,9,6,4,3,9,8
14,1,7,4,1,6,9
15,2,8,7,7,2,8
16,6,8,6,2,6,1
17,1,7,9,5,5,6
18,6,2,5,7,9,6
19,8,7,3,8,8,1
20,5,2,5,5,1,3
21,2,5,7,1,7,7
22,6,8,6,8,8,3
23,8,8,9,3,9,8
24,1,3,1,2,2,3
25,2,1,5,9,4,6
26,5,1,9,3,7,4
27,8,3,6,3,2,1
28,1,4,2,8,3,3
29,5,7,2,8,7,3
30,6,3,7,5,5,4
31,8,4,7,5,3,4
32,6,9,5,2,4,1
33,7,3,6,5,9,5
34,6,8,2,4,9,2
35,3,2,4,4,8,8
36,2,7,5,1,2,9
37,7,1,7,1,7,4
38,8,6,5,9,1,7
39,4,4,4,2,6,2
40,8,5,6,8,8,2
41,4,6,6,6,1,8
42,1,7,5,1,1,6
43,9,3,1,7,2,4
44,4,5,6,4,9,4
45,1,5,6,1,4,3
46,4,6,1,4,1,4
47,3,1,6,9,8,6
48,8,2,7,7,1,9
49,8,4,1,2,2,2
50,1,8,6,3,6,2
51,1,2,4,6,6,9
52,1,6,7,6,6,3
53,6,2,9,3,7,5
54,4,3,8,3,1,6
55,7,6,5,9,9,4
56,6,2,2,5,5,1
57,4,7,9,9,2,3
58,5,2,7,2,2,9
59,1,4,7,6,3,7
60,1,2,6,2,8,2
61,5,8,1,6,4,2
62,4,8,3,6,1,8
63,4,9,7,6,2,2
64,6,1,2,1,5,3
65,2,8,5,9,9,3
66,9,4,3,1,4,7
67,2,9,4,2,8,1
68,2,7,6,9,6,3
69,5,4,9,4,5,2
70,3,5,4,5,2,9
71,2,8,3,8,7,3
72,6,7,8,7,4,7
73,8,3,2,2,1,1
74,6,1,1,4,3,5
75,9,5,8,3,2,6
76,9,1,1,5,8,9
77,1,1,4,4,3,7
78,2,5,2,9,6,2
79,8,6,1,7,8,1
80,5,1,9,4,6,6
81,2,6,4,7,2,9
82,4,2,2,5,2,6
83,9,7,6,6,4,1
84,9,1,8,1,2,6
85,3,8,8,2,6,5
86,7,3,8,8,7,8
87,1,1,2,5,7,1
88,3,4,4,7,5,7
89,2,1,8,2,2,7
90,5,3,8,5,3,6
91,1,5,9,4,6,5
92,9,5,6,1,8,3
93,2,1,6,7,5,4
94,7,7,4,6,5,3
95,5,5,2,8,7,7
96,3,8,3,5,1,6
97,3,5,6,9,1,4
98,2,7,5,3,7,2
99,9,7,9,2,2,9
100,9,8,9,9,5,1
101,8,1,7,8,8,7
102,1,6,8,8,3,5
103,7,3,8,7,3,7
104,3,4,3,1,7,6
105,6,6,2,2,9,6
106,8,4,6,7,8,3
107,8,1,5,7,3,9
108,8,2,5,5,7,1
109,4,1,1,9,7,1
110,8,2,8,4,4,3
111,2,3,1,3,5,7
112,6,6,1,4,2,9
113,9,7,2,7,9,5
114,4,2,5,3,6,5
115,4,3,9,2,4,8
116,1,4,3,4,8,7
117,5,3,6,1,5,9
118,1,3,5,6,6,7
119,4,2,9,3,2,9
120,7,2,7,3,7,4
121,3,9,4,5,6,7
122,1,9,9,8,4,1
123,8,9,1,9,4,6
124,8,4,3,7,3,6
125,2,1,6,6,3,3
126,1,1,5,2,2,8
127,8,7,3,2,7,2
128,4,5,6,9,6,3
129,9,4,9,9,1,3
130,8,9,3,6,6,8
131,4,4,8,9,7,4
132,7,2,3,3,1,4
133,9,2,1,1,7,3
134,6,6,1,1,1,1
135,9,1,9,2,8,4
136,5,1,8,5,1,6
137,4,9,4,1,4,7
138,5,2,8,2,6,6
139,6,8,5,8,2,3
140,7,2,5,2,7,1
141,2,3,7,3,4,2
142,4,8,8,9,8,1
143,9,5,3,8,3,1
144,8,3,4,9,7,4
145,9,9,6,4,2,9
146,8,8,4,2,2,5
147,3,9,6,8,8,3
148,5,6,5,4,4,1
149,7,6,7,9,3,5
150,2,4,7,2,2,1
151,2,1,8,7,7,8
152,9,1,6,7,2,3
153,1,2,2,7,9,7
154,7,5,8,9,1,5
155,7,6,8,9,4,8
156,6,5,4,4,3,3
157,6,4,4,3,6,6
158,1,4,4,9,9,5
159,9,9,6,1,1,7
160,5,5,2,7,7,8
161,2,9,1,5,4,7
162,4,5,8,7,1,7
163,4,6,6,8,6,1
164,7,2,2,5,5,5
165,4,3,7,5,9,3
166,1,5,6,2,9,9
167,8,5,2,8,6,3
168,9,9,3,4,4,7
169,9,7,6,6,3,3
170,2,1,9,6,5,1
171,1,7,1,8,8,7
172,2,5,7,6,1,2
173,3,2,6,3,1,7
174,9,2,5,4,4,6
175,5,7,6,9,7,5
176,3,5,1,7,5,1
177,5,1,7,1,8,3
178,7,8,2,1,8,7
179,4,1,5,5,8,2
180,1,7,3,9,9,7
181,3,1,9,3,3,6
182,4,3,9,2,8,3
183,5,1,6,9,4,4
184,6,2,8,3,6,4
185,1,5,1,6,3,8
186,9,8,7,6,9,3
187,1,7,3,2,1,6
188,9,7,1,9,5,3
189,1,4,1,7,1,2
190,4,9,2,5,3,4
191,6,1,8,6,9,5
192,8,4,3,3,1,1
193,4,5,9,9,6,3
194,4,8,5,3,5,3
195,5,1,1,3,1,9
196,5,9,8,8,7,1
197,6,4,1,2,8,8
198,7,9,4,3,8,7
199,8,3,9,8,6,2
200,6,2,7,5,5,4
201,6,8,9,4,9,6
202,7,4,6,6,7,9
203,2,9,7,8,5,9
204,6,8,8,6,2,3
205,2,6,1,9,5,6
206,5,9,6,3,8,5
207,8,4,5,9,7,5
208,8,4,5,5,9,6
209,5,6,7,3,3,7
210,2,5,1,7,5,5
211,9,3,9,2,5,2
212,5,5,4,4,2,3
213,8,8,2,3,2,2
214,7,7,2,6,5,6
215,4,1,8,3,4,6
216,9,2,4,1,6,2
217,4,3,9,4,3,6
218,3,4,2,1,3,2
219,2,8,1,6,7,4
220,7,2,4,7,6,3
221,8,1,8,9,8,7
222,3,8,5,3,4,5
223,2,2,6,4,6,8
224,7,1,4,4,9,8
225,2,9,7,1,4,9
226,8,1,6,2,2,9
227,7,6,9,5,4,4
228,9,7,4,2,3,5
229,3,2,2,5,3,9
230,2,6,9,6,1,7
231,1,2,5,4,2,5
232,2,5,7,4,8,2
233,3,3,6,8,2,1
234,8,6,7,6,6,2
235,9,1,8,9,7,1
236,1,3,9,6,1,5
237,6,5,3,1,7,3
238,6,3,9,3,1,2
239,1,4,8,7,6,5
240,4,9,1,8,9,6
241,5,9,2,3,7,6
242,4,3,2,9,4,5
243,2,1,2,9,5,7
244,5,9,2,5,1,9
245,7,1,7,8,8,8
246,6,9,4,8,4,6
247,4,6,6,2,6,8
248,1,2,3,8,4,5
249,7,6,5,8,4,8
250,9,4,8,5,7,6
251,4,4,2,6,8,9
252,4,8,9,3,5,9
253,4,9,9,9,6,9
254,5,9,2,6,5,8
255,6,7,9,7,2,5
256,4,9,2,1,2,4
257,5,5,9,7,8,2
258,4,6,5,8,4,8
259,4,4,8,3,7,3
260,6,1,7,4,4,5
261,5,2,7,8,6,2
262,9,6,3,6,3,5
263,6,8,9,4,8,3
264,6,6,6,6,3,4
265,1,3,1,1,2,4
266,7,3,6,7,4,9
267,7,7,6,2,9,2
268,6,2,3,1,9,5
269,6,1,2,9,5,4
270,3,8,4,4,5,6
271,6,1,4,4,8,4
272,9,9,2,2,3,1
273,3,6,2,1,5,6
274,6,2,1,5,4,4
275,6,9,2,6,2,8
276,2,2,1,6,9,7
277,1,6,1,6,8,1
278,7,1,1,9,1,9
279,9,1,2,4,5,2
280,3,6,3,6,5,2
281,1,8,4,9,1,6
282,5,3,3,5,2,4
283,6,1,9,3,8,1
284,9,4,6,7,3,5
285,5,7,5,1,6,7
286,5,6,2,2,3,8
287,6,7,8,3,1,5
288,4,6,3,7,4,6
289,8,7,8,5,6,7
290,5,6,7,9,9,3
291,5,4,4,7,5,8
292,4,4,7,1,7,2
293,3,8,6,2,8,7
294,8,5,5,6,6,7
295,5,6,2,6,4,2
296,5,3,5,5,2,1
297,4,1,5,3,6,9
298,2,7,8,7,9,5
299,9,9,2,3,5,1
300,2,5,8,9,5,9
301,4,6,7,9,2,8
302,6,7,9,4,2,8
303,9,7,2,2,1,4
304,5,2,2,9,5,9
305,5,1,3,4,2,1
306,1,6,4,5,3,3
307,9,4,4,1,8,7
308,7,8,6,6,2,1
309,5,2,2,6,9,7
310,2,2,1,9,1,4
311,7,7,8,5,6,8
312,1,7,5,9,9,2
313,4,6,3,9,3,2
314,2,7,4,5,4,2
315,1,8,7,1,3,7
316,6,9,9,6,8,7
317,3,9,5,9,6,3
318,3,7,4,5,4,6
319,4,2,7,6,5,5
320,6,6,6,2,1,6
321,5,4,3,6,8,6
322,9,7,5,8,2,2
323,3,6,8,8,5,2
324,6,3,1,6,5,7
325,2,7,9,8,9,6
326,6,2,5,1,6,4
327,3,8,6,1,4,9
328,2,5,4,8,1,6
329,3,1,1,9,8,1
330,1,3,5,6,5,5
331,8,6,1,1,1,8
332,4,7,9,6,5,5
333,3,8,4,2,2,5
334,3,8,2,7,2,2
335,1,4,9,4,2,7
336,1,1,3,3,3,5
337,3,1,1,1,3,1
338,4,6,2,5,3,6
339,1,9,9,6,6,9
340,2,8,7,5,7,9
341,9,5,1,9,5,3
342,6,4,5,6,3,2
343,7,2,1,3,8,5
344,4,3,8,4,8,1
345,4,6,4,6,8,4
346,9,7,2,9,1,8
347,1,9,4,2,1,8
348,2,7,3,5,6,8
349,5,6,1,6,4,4
350,5,9,4,4,4,5
351,8,8,9,2,8,5
352,9,7,2,4,3,7
353,4,4,4,7,3,1
354,8,8,3,1,4,9
355,6,9,9,8,1,6
356,5,5,4,6,9,2
357,7,9,1,4,2,6
358,3,7,1,4,6,1
359,5,3,4,3,7,6
360,5,8,1,2,3,9
361,3,5,5,3,2,1
362,6,7,2,9,4,2
363,1,4,1,8,1,6
364,2,4,5,5,4,4
365,4,7,1,9,8,5
366,8,8,2,8,9,3
367,5,4,8,9,3,7
368,9,1,7,1,9,5
369,2,9,1,9,6,4
370,8,8,5,3,6,4
371,3,3,5,8,8,4
372,4,1,1,8,1,7
373,6,3,2,2,5,1
374,2,7,2,9,9,1
375,2,6,4,3,6,4
376,5,4,4,8,3,9
377,7,7,5,9,3,7
378,6,8,2,3,3,9
379,6,4,2,2,4,9
380,9,6,9,9,1,3
381,7,9,3,7,1,1
382,4,8,5,9,8,5
383,4,1,7,5,6,9
384,5,6,8,9,6,1
385,9,8,9,7,3,5
386,1,7,9,7,4,9
387,5,1,6,7,3,8
388,8,4,1,2,6,4
389,4,4,1,8,5,8
390,7,1,6,3,9,6
391,6,4,7,8,4,4
392,9,9,8,8,6,1
393,4,9,4,2,8,6
394,8,7,4,9,9,4
395,5,2,1,9,5,3
396,1,6,6,6,1,2
397,1,4,4,7,9,6
398,7,3,6,4,3,6
399,9,2,4,7,8,5
400,6,6,3,6,2,9
401,1,6,3,2,1,6
402,5,6,4,2,9,6
403,2,1,9,1,6,1
404,8,1,3,9,3,8
405,2,7,5,4,8,3
406,5,3,6,7,2,7
407,7,3,7,9,1,7
408,9,4,3,1,8,3
409,5,8,5,8,4,6
410,1,5,2,5,6,6
411,2,2,3,1,5,7
412,6,5,3,6,5,1
413,8,6,1,1,2,6
414,8,5,2,9,7,9
415,5,7,6,8,1,8
416,5,4,9,2,7,6
417,9,7,2,6,7,3
418,7,4,8,3,7,3
419,4,1,1,6,5,7
420,6,3,7,1,5,9
421,5,9,4,8,3,3
422,1,7,5,5,4,7
423,3,6,7,1,8,2
424,2,2,3,5,8,7
425,1,6,4,6,8,5
426,2,5,2,8,7,4
427,2,7,5,9,3,5
428,7,4,2,4,3,3
429,5,8,3,2,7,6
430,2,9,6,7,5,8
431,8,4,1,3,9,3
432,9,9,9,1,6,9
433,9,8,8,8,1,5
434,8,2,7,2,5,2
435,3,9,4,8,6,8
436,7,3,7,7,2,5
437,2,3,8,9,6,4
438,3,5,8,9,2,3
439,4,3,2,6,2,9
440,3,2,8,6,8,9
441,8,8,8,8,5,4
442,6,7,4,4,1,5
443,4,1,9,5,8,1
444,6,1,6,3,9,2
445,3,1,4,7,2,1
446,6,9,6,1,7,7
447,3,2,3,3,8,4
448,8,8,7,5,6,9
449,5,7,6,6,4,7
450,2,5,8,8,7,2
451,8,9,8,4,8,1
452,7,9,6,3,5,8
453,9,8,6,3,5,8
454,7,6,5,5,3,1
455,2,9,5,2,8,9
456,4,9,7,6,8,7
457,7,1,3,9,8,6
458,5,7,1,3,8,5
459,5,7,1,6,2,8
460,1,1,1,6,5,1
461,3,9,5,1,6,4
462,1,7,5,8,8,8
463,9,8,4,3,2,3
464,5,5,9,4,6,5
465,3,8,5,7,6,8
466,4,2,8,3,1,8
467,8,4,1,4,7,2
468,3,9,9,6,5,1
469,3,9,6,1,5,4
470,9,1,8,7,4,4
471,3,8,1,9,1,2
472,1,3,4,9,8,6
473,3,2,2,4,2,5
474,1,2,1,7,8,7
475,7,5,9,2,8,2
476,2,7,8,2,3,4
477,5,5,6,2,8,9
478,1,6,8,9,5,3
479,2,2,1,1,5,7
480,2,4,1,1,8,4
481,1,6,8,8,4,7
482,3,6,7,6,9,9
483,2,2,2,5,8,9
484,1,6,5,2,3,2
485,2,6,7,2,9,3
486,4,2,4,5,1,5
487,4,4,5,6,7,9
488,8,3,2,8,8,4
489,3,2,1,7,6,6
490,7,3,9,4,7,7
491,2,2,7,6,2,7
492,9,1,2,8,7,3
493,1,2,6,6,4,7
494,7,2,5,3,8,4
495,3,9,4,5,5,7
496,1,8,2,6,2,9
497,6,8,1,7,3,6
498,4,4,4,7,8,1
499,2,7,5,1,1,3
500,5,3,8,6,4,1
501,6,6,9,3,4,2
502,1,2,8,1,4,3
503,9,7,4,6,1,5
504,8,9,5,9,8,2
505,9,4,9,7,6,6
506,6,8,8,5,1,8
507,6,3,7,7,5,9
508,8,7,9,5,6,2
509,9,1,1,5,7,1
510,7,9,6,9,5,8
511,6,8,6,1,8,5
512,7,6,5,4,3,6
513,9,2,8,1,7,1
514,1,3,9,8,3,1
515,4,4,7,7,8,3
516,6,8,1,7,1,9
517,8,5,2,8,3,3
518,9,2,4,7,4,7
519,9,3,9,3,8,7
520,9,4,8,8,3,1
521,1,2,6,2,9,4
522,9,7,4,2,7,5
523,6,2,9,1,5,5
524,8,1,6,6,3,3
525,4,2,4,2,6,4
526,4,2,1,1,9,8
527,8,9,8,5,1,1
528,3,7,3,8,8,8
529,7,3,7,7,2,5
530,1,2,2,4,2,8
531,7,1,5,6,4,2
532,8,6,9,3,4,5
533,4,5,4,1,1,9
534,7,6,5,4,3,3
535,4,9,8,1,3,5
536,6,2,8,1,9,8
537,5,6,7,9,2,9
538,4,4,8,1,4,2
539,5,9,8,2,5,2
540,2,4,6,1,2,1
541,4,8,3,2,2,1
542,4,4,3,4,8,5
543,3,5,2,5,4,6
544,9,2,4,4,8,4
545,7,5,5,6,4,4
546,7,1,9,7,2,3
547,2,3,3,9,7,8
548,6,8,7,1,7,8
549,4,9,5,9,8,5
550,2,1,7,2,8,5
551,7,2,3,1,5,5
552,2,9,2,7,2,2
553,4,7,7,6,1,8
554,2,6,9,4,5,8
555,3,9,6,1,7,7
556,3,4,1,5,7,4
557,1,9,1,5,5,8
558,8,6,2,6,3,5
559,7,6,4,4,3,9
560,6,4,7,5,7,5
561,2,2,7,6,3,2
562,3,4,2,6,5,2
563,2,2,9,9,1,4
564,1,4,2,1,5,5
565,8,5,9,1,4,3
566,2,9,6,6,3,5
567,6,7,5,5,3,1
568,7,1,8,4,1,1
569,2,1,8,3,7,6
570,2,4,3,8,2,7
571,7,4,1,2,6,7
572,4,8,9,4,1,1
573,5,6,3,9,1,6
574,1,7,2,4,8,4
575,1,7,6,9,4,1
576,7,1,9,7,9,6
577,2,9,2,9,8,5
578,7,3,4,3,4,4
579,2,5,8,5,6,7
580,6,9,6,6,2,4
581,4,7,4,3,5,2
582,4,2,1,5,2,6
583,2,6,5,8,7,5
584,4,3,6,1,6,3
585,2,8,6,7,8,7
586,1,4,9,3,7,1
587,1,9,8,4,5,4
588,8,1,9,1,8,7
589,1,9,1,1,7,4
590,7,6,4,1,1,9
591,1,4,6,5,9,3
592,9,4,9,3,5,8
593,8,4,9,7,5,1
594,8,9,9,3,5,4
595,6,5,1,2,4,7
596,8,6,4,4,4,6
597,7,6,6,8,6,2
598,3,1,5,6,7,7
599,8,2,8,2,8,3
600,9,2,6,4,6,7
601,2,1,9,1,4,9
602,6,1,6,9,4,4
603,3,2,6,9,8,1
604,6,3,4,8,1,5
605,5,4,3,2,6,7
606,4,3,9,8,4,6
607,6,6,3,1,6,4
608,6,1,8,9,6,1
609,5,7,2,8,4,3
610,5,8,8,8,6,8
611,4,9,2,6,9,7
612,4,4,1,6,6,6
613,9,4,5,6,1,7
614,4,3,1,8,1,2
615,7,5,3,5,9,6
616,4,4,2,1,7,3
617,4,1,2,2,8,4
618,1,7,7,7,2,2
619,3,4,4,7,1,5
620,4,6,3,8,5,2
621,8,4,2,6,7,7
622,3,2,9,3,2,6
623,4,2,5,6,8,7
624,5,2,7,9,6,7
625,6,7,2,2,1,3
626,5,4,6,2,2,7
627,7,3,4,6,2,1
628,1,1,9,3,2,4
629,9,7,7,7,6,2
630,1,9,9,7,2,4
631,5,1,1,8,3,9
632,2,1,7,7,2,6
633,3,8,5,2,2,1
634,7,3,7,7,5,6
635,2,9,9,8,8,9
636,9,9,8,1,2,9
637,7,1,3,5,7,8
638,9,3,9,2,5,9
639,3,3,4,2,3,7
640,9,1,4,3,8,2
641,4,3,7,9,5,3
642,7,7,9,7,7,4
643,6,4,1,3,2,4
644,5,1,2,6,3,9
645,6,4,2,4,7,3
646,1,1,3,5,3,8
647,5,5,3,1,1,6
648,8,9,7,7,3,9
649,3,8,2,6,5,4
650,6,4,1,2,9,2
651,3,1,3,7,5,4
652,9,3,3,3,3,3
653,2,5,4,9,3,3
654,9,6,5,3,9,7
655,9,2,9,2,4,3
656,9,2,2,5,8,8
657,8,9,4,6,9,7
658,7,2,8,1,5,1
659,6,6,2,2,1,4
660,3,9,4,7,3,6
661,6,8,9,6,3,4
662,3,1,1,8,6,4
663,2,4,2,4,3,7
664,9,4,1,6,9,1
665,1,7,6,9,1,2
666,2,8,6,4,6,1
667,3,9,8,2,2,1
668,7,9,1,3,3,7
669,6,6,2,6,3,9
670,5,4,5,5,5,6
671,7,8,7,6,5,2
672,6,6,1,2,3,1
673,2,8,1,7,2,2
674,1,5,9,2,9,6
675,4,2,9,7,3,6
676,9,9,9,1,5,2
677,8,6,2,9,9,5
678,2,9,8,9,3,1
679,2,4,1,1,3,2
680,2,3,6,6,1,6
681,3,6,7,9,8,5
682,8,9,4,1,7,5
683,7,8,8,4,5,4
684,5,8,9,2,3,1
685,3,3,6,1,3,7
686,5,3,7,3,4,9
687,9,3,5,5,3,4
688,7,7,5,3,1,7
689,5,6,7,9,2,3
690,5,7,9,5,3,4
691,3,3,7,7,6,3
692,4,2,5,1,3,4
693,5,6,1,6,2,4
694,1,6,4,4,1,6
695,8,1,3,3,5,3
696,5,2,7,1,8,5
697,4,7,7,5,3,8
698,9,5,9,7,7,9
699,5,6,4,9,6,8
700,3,7,3,4,8,3
701,7,5,4,9,2,6
702,7,2,5,8,9,1
703,3,2,6,3,2,5
704,6,5,1,4,8,4
705,8,9,6,8,9,4
706,3,8,5,3,9,3
707,6,4,7,6,1,8
708,6,4,8,7,8,6
709,2,1,5,3,7,6
710,6,4,7,2,1,8
711,2,8,8,8,3,3
712,1,1,3,5,3,6
713,4,3,3,2,4,2
714,6,9,6,5,3,7
715,3,8,5,5,4,6
716,7,2,5,6,1,5
717,9,2,9,4,5,3
718,2,2,5,2,8,5
719,4,5,9,6,6,9
720,6,7,7,3,2,4
721,5,5,8,5,1,9
722,6,1,2,2,3,8
723,3,6,5,4,7,1
724,1,9,4,7,7,1
725,8,3,3,4,3,8
726,7,4,8,8,6,9
727,6,1,2,6,7,9
728,6,2,6,2,8,4
729,8,1,3,6,9,4
730,5,6,6,6,5,1
731,4,3,7,9,4,3
732,8,1,8,5,1,5
733,9,6,5,3,4,3
734,4,3,5,9,6,4
735,9,5,1,6,3,5
736,3,5,4,1,2,2
737,8,6,5,7,8,7
738,2,6,9,3,5,5
739,5,2,1,9,5,5
740,2,9,6,3,9,2
741,3,1,7,1,8,2
742,4,4,7,9,7,6
743,2,8,6,5,5,3
744,4,5,6,2,8,4
745,2,5,3,8,4,9
746,4,4,5,2,9,6
747,3,3,2,7,1,8
748,3,9,2,3,4,4
749,7,3,1,7,5,8
750,5,5,8,2,9,2
751,3,1,4,7,9,6
752,5,8,7,2,1,4
753,7,6,6,3,9,5
754,3,1,4,3,3,4
755,7,6,2,6,4,2
756,8,5,6,6,9,4
757,1,4,4,3,6,8
758,7,4,9,7,9,7
759,4,6,7,4,8,2
760,1,8,4,8,9,6
761,3,8,9,5,1,9
762,1,9,4,2,8,1
763,8,1,1,1,6,3
764,7,5,9,9,3,1
765,5,6,5,4,2,4
766,1,3,6,7,5,4
767,9,7,6,8,7,6
768,6,6,7,1,3,5
769,8,3,8,7,3,2
770,4,8,8,2,2,7
771,5,1,4,2,8,3
772,4,6,8,1,8,7
773,4,7,3,2,6,7
774,6,1,1,2,2,4
775,6,5,3,1,8,3
776,4,9,9,6,8,1
777,6,1,9,5,2,9
778,7,6,3,6,6,1
779,5,2,6,5,4,5
780,2,5,9,2,6,8
781,4,6,1,7,4,6
782,1,8,9,9,2,6
783,9,3,2,3,1,8
784,7,7,5,7,6,6
785,8,6,5,4,8,7
786,7,4,6,7,6,4
787,6,6,3,8,3,1
788,6,9,5,7,7,3
789,5,4,8,4,2,9
790,4,7,5,4,8,6
791,9,9,5,7,6,9
792,3,1,9,1,3,6
793,1,4,7,7,6,2
794,7,1,9,1,7,3
795,8,4,7,2,1,6
796,4,7,2,6,2,3
797,4,1,6,7,8,8
798,9,8,3,5,9,2
799,7,8,8,5,3,9
800,2,2,6,9,3,6
801,9,8,5,4,1,9
802,3,8,4,5,4,1
803,7,2,9,5,7,3
804,3,4,6,6,8,2
805,7,2,1,9,1,4
806,2,3,5,7,9,5
807,4,8,7,9,9,8
808,4,6,4,7,7,3
809,1,5,3,3,9,4
810,5,5,9,8,1,4
811,2,9,3,6,1,4
812,2,3,4,7,1,8
813,2,6,9,6,8,4
814,7,1,9,3,6,4
815,2,9,6,9,2,2
816,3,7,9,1,9,7
817,8,8,2,4,8,1
818,6,5,7,4,3,6
819,2,2,4,2,8,5
820,2,5,1,8,8,9
821,9,1,3,1,8,6
822,9,8,8,7,5,3
823,6,8,2,6,3,9
824,1,8,1,3,7,8
825,3,3,5,2,9,4
826,7,6,9,1,3,3
827,3,7,7,8,6,1
828,4,4,6,3,7,1
829,3,4,8,1,7,7
830,8,6,1,5,8,8
831,3,8,6,9,9,3
832,1,3,2,6,3,7
833,9,7,3,6,2,4
834,5,9,9,1,3,8
835,1,5,1,9,6,1
836,3,3,6,1,8,9
837,9,6,7,3,8,3
838,3,7,4,3,2,3
839,3,3,9,3,5,8
840,5,5,3,2,6,1
841,1,9,4,9,6,1
842,7,4,8,3,1,6
843,3,4,5,6,5,1
844,8,9,5,6,6,2
845,1,3,5,4,6,7
846,5,9,2,5,3,4
847,2,3,8,2,4,5
848,7,7,8,2,8,2
849,5,2,8,2,6,4
850,1,9,1,1,4,8
851,3,9,2,1,6,8
852,2,5,9,7,9,9
853,9,3,1,8,9,2
854,1,3,3,4,5,4
855,9,7,3,6,4,8
856,4,9,7,8,7,7
857,4,4,6,8,3,9
858,9,3,3,6,7,4
859,2,6,7,8,4,9
860,1,1,8,9,7,9
861,5,7,4,7,5,7
862,8,1,5,3,6,2
863,1,8,1,5,7,3
864,2,8,6,7,1,3
865,8,7,1,3,3,2
866,7,4,9,2,5,4
867,8,6,1,8,8,9
868,9,6,8,4,4,7
869,1,9,1,5,6,7
870,8,8,5,7,5,2
871,9,8,8,9,4,3
872,1,7,7,5,3,8
873,5,3,9,8,3,1
874,9,3,4,4,3,1
875,9,8,9,2,6,2
876,3,3,1,5,3,7
877,1,2,3,6,1,7
878,4,2,9,3,4,7
879,9,5,5,8,4,4
880,7,8,9,8,9,4
881,6,2,3,9,8,2
882,1,1,5,3,7,9
883,1,3,9,6,9,4
884,2,6,8,4,7,9
885,6,7,4,1,8,7
886,4,6,8,4,8,3
887,6,2,8,5,7,6
888,8,1,3,2,7,7
889,9,3,5,3,1,7
890,7,1,8,9,8,1
891,6,5,6,3,7,1
892,9,5,9,2,2,9
893,8,4,8,4,5,1
894,1,5,7,7,3,4
895,9,5,4,6,3,1
896,2,9,9,3,2,9
897,8,5,9,8,6,1
898,7,6,4,3,4,5
899,6,3,3,2,9,3
900,2,2,5,2,3,5
901,3,3,9,6,2,1
902,4,6,5,9,8,2
903,7,7,4,3,8,8
904,4,4,8,3,5,1
905,9,8,8,8,1,2
906,1,9,7,7,6,2
907,8,2,3,8,6,7
908,5,2,2,2,4,3
909,6,2,7,6,2,9
910,7,1,1,2,9,5
911,1,8,5,5,5,8
912,1,6,4,7,1,1
913,7,4,9,3,4,6
914,5,2,9,8,8,9
915,7,9,9,8,4,7
916,2,3,1,1,8,6
917,9,5,1,7,7,6
918,5,5,5,3,6,7
919,3,2,8,2,9,1
920,3,1,3,8,6,7
921,8,5,5,1,7,6
922,4,7,1,2,7,5
923,2,4,9,1,9,9
924,4,4,8,5,9,5
925,9,8,2,2,9,4
926,4,3,9,1,7,8
927,7,7,8,6,8,9
928,2,5,7,5,3,5
929,7,5,5,4,7,6
930,7,9,1,7,4,3
931,9,2,5,1,1,5
932,9,4,2,2,8,3
933,3,1,9,6,8,8
934,7,3,4,9,2,8
935,4,1,7,6,5,4
936,8,5,3,7,3,8
937,2,4,1,3,7,1
938,2,5,9,1,3,4
939,6,2,2,1,1,4
940,1,5,7,2,5,2
941,3,9,9,8,9,8
942,7,2,1,1,9,2
943,3,9,9,2,3,2
944,5,1,3,3,9,5
945,5,4,3,4,7,2
946,4,1,2,6,3,2
947,7,5,3,4,6,5
948,2,7,6,7,6,2
949,1,3,4,6,9,9
950,6,1,6,6,2,7
951,8,6,3,3,2,1
952,5,7,5,5,5,7
953,6,2,4,4,9,7
954,6,8,3,1,8,1
955,2,3,6,7,6,1
956,7,9,9,5,7,8
957,3,8,8,9,5,1
958,4,6,5,3,9,6
959,3,9,5,1,8,3
960,1,5,5,9,3,9
961,2,1,3,8,5,7
962,6,1,6,6,2,3
963,7,5,1,3,2,5
964,6,3,7,1,7,2
965,5,4,7,4,7,5
966,3,2,2,7,8,8
967,8,5,4,1,1,6
968,8,6,6,2,1,3
969,7,9,3,7,6,1
970,3,7,2,5,8,6
971,6,6,6,1,8,1
972,9,3,8,1,8,7
973,3,6,7,4,1,3
974,4,9,8,8,8,6
975,6,8,7,9,5,5
976,3,1,3,8,6,2
977,6,2,7,4,8,3
978,9,6,9,3,3,6
979,8,7,6,7,8,7
980,3,1,8,8,7,2
981,4,6,8,2,4,6
982,1,6,4,9,5,6
983,5,3,1,4,1,3
984,7,8,1,7,8,8
985,6,6,9,8,3,5
986,2,1,4,2,1,3
987,1,2,4,4,8,1
988,7,4,2,2,5,7
989,5,6,2,8,3,2
990,1,8,1,3,4,5
991,3,6,8,8,3,6
992,4,2,1,1,2,2
993,9,4,5,2,5,7
994,3,9,2,1,6,4
995,5,5,9,8,7,7
996,5,7,3,4,1,9
997,3,8,8,6,7,9
998,8,1,1,3,2,7
999,1,2,5,9,3,2
1000,1,3,4,5,3,3
1001,6,6,4,4,2,6
1002,3,4,2,5,2,6
1003,6,7,7,1,8,5
1004,8,3,7,6,4,3
1005,1,4,6,1,5,9
1006,9,6,8,9,4,6
1007,3,7,5,8,7,1
1008,2,3,2,4,4,3
1009,1,4,7,9,3,1
1010,7,4,1,7,3,3
1011,3,3,7,7,2,1
1012,1,6,6,9,7,7
1013,2,9,4,4,5,4
1014,7,4,2,6,9,9
1015,3,5,5,2,6,1
1016,2,6,1,9,6,7
1017,8,2,4,7,8,3
1018,1,8,6,7,1,6
1019,2,7,2,8,5,1
1020,9,7,8,5,9,6
1021,7,8,8,2,1,8
1022,1,6,7,4,5,6
1023,6,2,6,3,4,3
1024,4,9,6,9,1,2
1025,2,2,9,2,7,1
1026,6,2,7,3,6,7
1027,8,1,5,6,6,1
1028,5,3,9,6,4,4
1029,2,9,2,5,6,9
1030,6,4,9,8,1,8
1031,1,5,1,2,1,3
1032,1,2,2,2,2,8
1033,8,5,8,5,6,8
1034,7,3,6,1,5,2
1035,5,1,5,6,3,3
1036,2,5,8,5,5,5
1037,4,7,2,8,4,9
1038,6,9,1,4,9,1
1039,5,8,1,8,8,2
1040,3,5,3,1,7,1
1041,4,3,2,9,1,9
1042,9,3,9,6,9,1
1043,9,6,3,8,8,4
1044,3,9,3,7,3,4
1045,9,3,8,5,7,6
1046,9,8,6,2,4,4
1047,4,9,1,6,4,7
1048,6,9,6,8,6,5
1049,8,2,3,6,9,5
1050,3,5,1,2,4,1
1051,6,6,9,8,1,4
1052,7,2,3,8,3,6
1053,6,8,8,8,6,2
1054,1,9,1,4,9,6
1055,2,7,3,8,6,8
1056,1,4,5,8,9,4
1057,6,5,4,7,6,8
1058,1,6,1,7,3,1
1059,2,7,9,8,3,4
1060,8,8,2,8,8,2
1061,4,8,9,1,9,1
1062,6,3,2,4,7,9
1063,1,2,8,3,7,6
1064,3,8,5,5,2,5
1065,3,7,5,3,1,3
1066,3,7,5,8,5,9
1067,6,1,8,2,6,7
1068,5,8,6,3,5,8
1069,6,2,5,4,3,8
1070,3,6,6,4,5,6
1071,2,8,4,6,3,6
1072,2,1,1,5,5,2
1073,2,5,1,1,8,7
1074,3,5,4,8,8,6
1075,4,2,4,7,4,1
1076,7,2,6,1,4,6
1077,2,1,1,9,2,7
1078,4,6,7,3,2,4
1079,4,5,7,8,9,7
1080,3,6,4,2,3,7
1081,9,4,3,2,4,4
1082,6,4,4,5,2,8
1083,9,7,5,2,7,7
1084,7,6,6,2,7,4
1085,4,5,6,6,5,1
1086,5,6,6,8,5,7
1087,9,4,7,4,6,3
1088,1,7,7,5,3,5
1089,9,6,4,9,5,6
1090,9,3,8,7,9,8
1091,7,1,8,6,9,2
1092,4,5,8,2,4,3
1093,6,1,2,6,7,7
1094,6,3,1,3,5,9
1095,5,3,4,8,1,8
1096,4,8,1,5,6,5
1097,7,6,1,8,5,8
1098,5,7,3,3,3,2
1099,9,7,6,6,1,3
1100,8,3,9,6,4,6
1101,3,8,6,2,4,5
1102,7,3,9,4,1,7
1103,9,1,8,6,4,8
1104,9,5,1,2,4,7
1105,1,7,7,1,5,6
1106,9,5,4,6,9,7
1107,8,2,3,8,3,4
1108,8,7,4,6,8,2
1109,5,9,6,8,1,7
1110,2,4,1,9,9,6
1111,5,6,8,7,7,7
1112,6,8,5,5,8,9
1113,3,7,4,5,9,3
1114,4,7,4,6,5,4
1115,7,5,8,4,5,9
1116,4,4,7,7,3,6
1117,1,7,1,4,8,4
1118,8,5,3,3,4,5
1119,1,1,5,2,4,9
1120,2,1,4,8,6,9
1121,4,8,2,6,9,7
1122,9,2,3,7,8,9
1123,6,5,4,8,5,7
1124,1,8,4,5,2,2
1125,2,2,2,8,6,1
1126,7,7,3,3,3,6
1127,5,4,7,3,6,1
1128,2,7,7,5,2,8
1129,2,8,4,7,8,6
1130,4,5,4,1,1,3
1131,7,6,5,8,3,1
1132,5,9,9,2,2,4
1133,9,1,2,2,1,9
1134,3,5,8,4,4,2
1135,7,1,3,9,4,2
1136,1,7,2,8,3,7
1137,6,3,5,1,1,3
1138,8,9,4,8,9,3
1139,3,5,8,9,2,7
1140,4,7,9,7,9,3
1141,4,7,7,6,9,3
1142,1,2,4,8,3,5
1143,4,8,4,3,8,1
1144,5,9,2,3,4,2
1145,6,5,4,9,9,4
1146,5,9,4,4,7,4
1147,6,8,9,5,1,6
1148,5,8,4,9,3,5
1149,5,2,4,3,5,7
1150,7,1,5,3,1,7
1151,6,8,3,7,9,4
1152,8,6,1,9,3,3
1153,2,1,8,2,1,7
1154,8,4,2,4,8,6
1155,8,7,4,9,6,1
1156,5,3,6,6,7,5
1157,4,9,2,4,9,3
1158,8,8,8,8,7,1
1159,7,8,4,6,9,3
1160,1,2,9,2,3,9
1161,9,9,2,7,6,4
1162,9,7,9,7,3,8
1163,8,8,7,2,8,8
1164,6,4,6,9,2,4
1165,1,1,7,6,6,2
1166,3,3,7,7,4,9
1167,2,7,2,8,5,2
1168,9,5,5,3,3,4
1169,2,7,6,9,2,8
1170,9,3,6,6,9,9
1171,4,4,2,3,4,1
1172,3,2,8,7,4,3
1173,3,2,8,7,7,2
1174,4,5,1,1,5,2
1175,1,1,4,5,5,4
1176,8,9,7,4,4,9
1177,7,9,9,6,8,2
1178,1,5,9,5,6,1
1179,8,2,3,2,1,5
1180,5,2,9,3,5,7
1181,5,7,3,5,3,2
1182,6,1,9,4,4,4
1183,1,3,9,7,2,8
1184,8,7,4,7,6,7
1185,3,6,6,4,4,7
1186,3,1,9,8,5,6
1187,3,1,1,9,7,3
1188,1,3,2,5,6,6
1189,8,7,2,7,4,5
1190,1,3,4,7,7,5
1191,9,1,8,1,5,5
1192,4,4,1,9,3,2
1193,8,5,9,6,4,2
1194,5,3,4,4,5,5
1195,4,4,1,3,3,3
1196,1,7,5,7,8,8
1197,1,8,8,6,9,2
1198,1,5,1,6,8,1
1199,6,5,5,6,2,6
1200,5,1,7,8,4,1
1201,5,3,4,9,9,7
1202,3,9,7,1,2,6
1203,1,8,3,2,2,4
1204,8,5,5,3,6,9
1205,2,8,6,5,7,4
1206,3,9,5,1,2,9
1207,9,1,9,8,5,1
1208,6,1,1,6,9,3
1209,2,6,6,3,5,7
1210,4,1,1,3,3,8
1211,1,1,7,6,5,5
1212,7,5,6,7,3,8
1213,2,7,5,3,4,3
1214,7,3,4,5,5,8
1215,7,1,1,9,9,2
1216,9,3,6,5,8,4
1217,4,1,5,9,6,2
1218,1,2,4,8,9,1
1219,8,6,4,4,5,5
1220,1,1,8,4,1,4
1221,7,2,7,3,7,3
1222,6,3,5,8,4,4
1223,2,5,8,9,1,7
1224,5,1,4,1,3,8
1225,9,1,5,9,4,7
1226,6,1,2,2,9,1
1227,4,8,9,8,1,6
1228,3,4,7,4,2,7
1229,9,5,7,2,3,5
1230,3,9,5,1,5,8
1231,8,1,9,9,7,9
1232,4,2,1,4,9,2
1233,1,6,2,9,8,2
1234,2,1,6,2,3,4
1235,6,7,4,9,9,1
1236,6,6,7,6,4,6
1237,2,5,3,4,9,5
1238,3,4,3,3,2,4
1239,9,1,1,1,5,4
1240,5,1,6,5,4,9
1241,7,8,4,8,9,2
1242,8,6,6,4,3,4
1243,9,1,2,7,2,7
1244,5,9,5,9,5,3
1245,6,9,7,4,9,7
1246,6,6,6,1,8,2
1247,7,7,6,2,1,8
1248,1,1,2,6,9,2
1249,1,4,9,9,5,5
1250,4,4,3,5,4,9
1251,3,9,2,1,1,3
1252,4,4,4,6,8,1
1253,9,8,1,5,1,5
1254,3,7,8,5,3,1
1255,9,2,4,8,4,2
1256,9,5,9,9,1,3
1257,5,6,7,6,7,8
1258,6,3,6,3,5,8
1259,4,3,9,7,5,6
1260,2,2,4,8,3,8
1261,3,9,1,4,8,9
1262,5,6,4,7,6,2
1263,3,5,5,9,3,5
1264,3,8,9,9,1,8
1265,8,1,9,5,9,3
1266,4,8,5,4,4,2
1267,2,8,7,4,9,4
1268,3,5,9,9,6,1
1269,7,2,7,1,1,9
1270,6,1,5,8,8,8
1271,9,3,7,3,9,6
1272,5,5,4,3,5,7
1273,3,6,7,1,9,7
1274,8,3,6,5,5,7
1275,3,8,1,8,5,8
1276,1,5,6,1,1,8
1277,3,3,6,8,5,1
1278,7,1,6,7,1,4
1279,2,4,6,8,6,8
1280,8,2,1,2,3,3
1281,7,6,6,1,2,6
1282,9,4,6,5,3,2
1283,1,2,2,6,9,3
1284,4,3,3,5,7,5
1285,6,1,4,5,8,5
1286,8,4,1,2,3,1
1287,9,7,3,2,3,1
1288,9,4,3,2,3,5
1289,1,3,8,9,1,7
1290,8,5,8,1,6,8
1291,9,9,7,3,6,7
1292,6,5,7,3,1,9
1293,6,2,8,8,6,8
1294,6,9,3,6,7,1
1295,5,3,8,9,5,1
1296,3,9,9,9,9,9
1297,2,2,8,1,1,5
1298,9,7,1,6,3,8
1299,2,3,3,7,3,1
1300,5,2,7,1,6,9
1301,8,4,8,3,8,4
1302,2,7,7,5,9,8
1303,1,7,1,4,5,5
1304,1,4,6,9,4,4
1305,8,7,5,6,1,8
1306,3,3,6,8,5,1
1307,5,7,4,4,3,3
1308,3,3,5,5,3,5
1309,9,3,3,3,7,6
1310,3,3,6,5,4,9
1311,2,6,9,6,5,2
1312,2,4,4,4,4,9
1313,2,2,6,1,6,3
1314,2,5,1,9,2,6
1315,1,7,4,4,1,8
1316,6,6,5,1,5,4
1317,5,5,9,7,9,7
1318,1,5,4,9,9,9
1319,6,7,3,1,5,8
1320,3,3,8,7,8,8
1321,8,8,2,4,7,9
1322,7,5,2,8,2,1
1323,6,9,8,5,7,9
1324,4,7,7,2,7,8
1325,7,9,6,4,4,3
1326,6,6,5,1,6,6
1327,6,3,5,5,1,3
1328,8,8,7,4,7,2
1329,9,3,5,2,5,3
1330,3,9,6,2,2,4
1331,5,2,7,2,2,5
1332,3,6,1,6,5,7
1333,1,4,5,6,8,9
1334,3,3,3,2,6,8
1335,7,9,2,7,6,7
1336,5,4,7,7,3,7
1337,5,5,3,3,8,1
1338,8,2,4,4,6,1
1339,7,4,4,7,5,7
1340,5,5,3,5,9,9
1341,9,4,8,7,1,1
1342,8,3,8,8,9,8
1343,7,8,8,4,8,3
1344,1,3,3,3,1,6
1345,9,5,8,3,8,6
1346,8,2,5,7,2,4
1347,5,1,1,7,5,6
1348,9,4,5,4,1,8
1349,9,7,1,6,6,7
1350,3,9,2,1,7,7
1351,7,8,1,8,8,1
1352,2,7,2,2,2,3
1353,9,4,4,5,9,5
1354,6,4,9,9,6,3
1355,4,5,1,9,3,1
1356,6,1,4,5,4,8
1357,5,6,9,5,7,2
1358,1,8,4,8,9,7
1359,6,4,6,2,9,2
1360,1,6,1,4,6,5
1361,9,7,8,7,4,1
1362,6,1,1,9,3,3
1363,3,5,3,6,6,7
1364,9,1,4,2,3,6
1365,2,2,3,2,5,6
1366,5,4,8,1,7,6
1367,9,4,8,5,8,9
1368,1,4,3,4,8,8
1369,7,5,5,1,4,4
1370,1,9,7,7,3,4
1371,4,6,8,7,5,4
1372,8,2,7,6,1,9
1373,4,1,7,6,6,4
1374,9,4,3,2,5,3
1375,6,3,4,2,6,7
1376,6,1,4,5,9,3
1377,1,5,7,2,4,7
1378,3,7,5,4,5,8
1379,1,6,2,9,9,6
1380,2,9,1,7,9,4
1381,4,1,8,5,3,5
1382,5,8,7,4,4,8
1383,5,9,7,6,2,6
1384,5,9,8,5,5,5
1385,3,6,8,9,7,2
1386,3,7,6,7,2,4
1387,7,8,6,5,6,4
1388,4,8,7,2,3,2
1389,2,6,2,4,7,3
1390,9,2,4,7,8,9
1391,5,6,1,8,8,5
1392,8,4,9,8,8,2
1393,1,7,3,2,5,3
1394,7,2,7,5,3,6
1395,7,3,6,3,6,5
1396,1,2,6,3,7,7
1397,6,2,8,8,4,8
1398,9,9,8,3,8,5
1399,3,9,9,7,5,5
1400,5,5,1,4,3,9
1401,4,2,5,9,7,1
1402,4,4,9,9,8,9
1403,8,9,6,7,5,6
1404,4,8,1,9,6,6
1405,9,2,4,4,2,2
1406,5,7,6,7,4,5
1407,8,7,7,8,9,3
1408,7,1,7,4,8,1
1409,5,4,7,7,3,6
1410,7,4,6,9,1,5
1411,8,5,8,1,4,1
1412,7,2,4,7,3,2
1413,9,1,2,5,4,7
1414,3,5,5,7,1,5
1415,7,3,3,5,7,8
1416,3,3,1,3,4,8
1417,7,5,5,5,1,6
1418,8,3,2,4,6,3
1419,7,7,1,3,3,2
1420,7,1,8,7,2,4
1421,6,2,8,7,5,8
1422,1,8,1,3,2,3
1423,5,1,4,3,5,7
1424,2,6,6,1,4,2
1425,5,1,3,4,1,4
1426,3,4,2,4,6,8
1427,8,3,7,3,5,6
1428,2,4,9,7,4,3
1429,9,6,5,8,7,9
1430,4,3,7,7,6,1
1431,1,8,3,5,8,4
1432,2,4,9,5,3,2
1433,3,9,7,6,3,5
1434,5,6,9,4,8,9
1435,2,4,9,2,5,3
1436,7,3,3,7,4,1
1437,4,9,9,8,9,2
1438,3,3,1,8,2,9
1439,3,5,4,8,8,5
1440,6,1,9,3,4,5
1441,8,1,3,7,3,6
1442,3,4,7,8,6,6
1443,6,6,9,7,3,2
1444,4,3,3,4,4,7
1445,2,5,5,4,1,8
1446,8,9,5,6,4,5
1447,1,1,3,7,4,5
1448,3,5,8,3,4,4
1449,1,8,9,7,7,3
1450,6,1,1,1,5,8
1451,4,1,1,9,4,7
1452,2,2,5,7,4,4
1453,1,7,9,6,5,5
1454,1,1,7,6,3,1
1455,5,9,5,6,6,2
1456,8,9,6,9,1,3
1457,7,8,1,7,7,4
1458,2,6,3,2,1,5
1459,7,4,9,5,3,9
1460,7,7,2,5,3,1
1461,2,4,8,4,5,4
1462,1,2,2,3,7,6
1463,1,3,4,7,8,4
1464,7,4,3,8,5,7
1465,9,9,1,1,6,4
1466,1,9,8,5,3,2
1467,8,2,3,8,8,5
1468,4,3,1,7,1,3
1469,7,3,5,3,2,2
1470,5,6,4,3,2,1
1471,9,3,8,5,2,7
1472,1,4,8,7,9,9
1473,6,8,1,6,6,6
1474,5,1,5,1,8,6
1475,2,3,4,3,4,2
1476,9,5,9,6,5,1
1477,8,1,2,5,9,7
1478,5,6,6,7,9,9
1479,4,8,9,8,4,1
1480,3,7,7,3,5,8
1481,4,5,6,3,8,1
1482,4,3,7,6,3,6
1483,3,3,2,6,4,2
1484,9,3,4,1,7,1
1485,2,3,1,6,8,4
1486,7,8,1,9,5,8
1487,6,6,5,7,2,4
1488,2,1,2,1,6,4
1489,2,2,1,5,7,3
1490,4,6,1,2,2,5
1491,2,8,5,1,2,1
1492,2,7,8,6,3,8
1493,5,7,6,1,2,5
1494,3,8,4,6,1,9
1495,8,6,5,1,9,1
1496,9,6,2,1,1,3
1497,8,4,4,9,5,7
1498,1,9,3,1,6,5
1499,1,4,8,8,2,9
1500,9,3,8,8,3,6
1501,2,1,9,3,7,2
1502,5,1,6,5,3,9
1503,5,1,9,9,6,1
1504,3,7,2,8,8,4
1505,5,6,2,4,3,6
1506,6,7,7,4,6,7
1507,8,8,8,4,2,4
1508,8,2,4,9,7,6
1509,4,6,5,8,2,3
1510,1,2,8,1,9,5
1511,6,6,9,5,7,6
1512,2,7,5,5,2,8
1513,6,6,1,8,4,5
1514,7,7,7,4,9,1
1515,3,8,7,2,4,4
1516,8,1,7,4,1,1
1517,2,5,9,5,6,6
1518,7,2,2,9,3,5
1519,1,2,4,8,9,9
1520,1,2,6,4,6,3
1521,7,5,4,9,5,6
1522,3,2,3,6,3,5
1523,6,3,6,1,1,2
1524,8,1,6,4,8,7
1525,8,5,8,2,5,6
1526,4,1,2,6,9,6
1527,1,8,6,6,9,6
1528,7,4,6,9,2,7
1529,2,5,3,2,8,5
1530,4,4,7,6,4,3
1531,7,8,7,5,2,7
1532,8,9,4,1,3,7
1533,3,5,7,7,7,9
1534,2,7,9,2,4,5
1535,8,9,8,9,6,2
1536,5,1,2,1,9,1
1537,2,2,6,4,6,5
1538,8,1,5,5,8,1
1539,6,2,2,3,1,1
1540,9,1,2,7,4,9
1541,5,1,5,3,2,7
1542,8,4,3,5,5,1
1543,6,3,6,6,8,9
1544,5,8,1,5,7,4
1545,7,9,6,5,6,7
1546,1,5,2,9,9,8
1547,9,3,3,5,1,5
1548,7,1,1,5,8,3
1549,1,6,7,1,9,5
1550,7,9,7,3,9,9
1551,1,3,9,1,8,5
1552,1,8,4,2,9,4
1553,7,8,6,6,8,8
1554,9,4,9,9,3,4
1555,1,8,4,9,1,9
1556,3,4,4,7,4,7
1557,3,3,6,6,8,4
1558,2,3,1,6,2,2
1559,1,9,6,8,5,7
1560,6,7,7,9,7,4
1561,9,6,2,6,3,3
1562,6,1,9,1,6,8
1563,6,7,2,7,1,1
1564,9,2,7,7,2,9
1565,5,2,6,9,5,6
1566,4,3,1,3,4,3
1567,1,6,5,1,8,3
1568,3,2,8,4,3,3
1569,7,6,1,4,1,9
1570,4,6,2,9,6,4
1571,4,6,9,7,1,4
1572,8,3,7,9,8,2
1573,7,6,6,3,7,2
1574,4,7,9,2,6,7
1575,6,6,5,8,8,3
1576,5,2,8,1,2,5
1577,3,5,8,1,3,3
1578,6,6,7,2,8,3
1579,1,7,9,8,1,5
1580,9,6,5,9,7,4
1581,3,5,3,2,4,8
1582,7,5,7,8,9,9
1583,9,7,9,4,1,6
1584,2,7,6,9,9,6
1585,5,8,6,6,4,3
1586,2,2,5,7,4,8
1587,2,9,2,1,8,4
1588,7,4,7,6,1,8
1589,8,6,6,5,7,5
1590,2,5,2,2,4,5
1591,4,8,8,2,4,6
1592,6,4,5,5,9,4
1593,2,3,5,1,2,8
1594,3,9,9,1,1,9
1595,7,1,4,5,1,2
1596,6,3,8,8,9,1
1597,9,5,1,2,4,9
1598,2,2,1,1,9,4
1599,8,1,4,3,7,6
1600,6,4,4,4,6,1
1601,7,4,5,9,7,4
1602,6,5,1,5,3,7
1603,4,6,2,8,8,9
1604,8,8,7,7,1,6
1605,8,2,9,2,6,3
1606,3,3,2,5,4,9
1607,3,1,2,5,7,5
1608,3,9,8,7,8,2
1609,1,9,4,8,4,1
1610,4,8,6,4,4,2
1611,3,3,9,5,7,6
1612,1,3,6,6,9,8
1613,6,3,6,8,9,4
1614,5,7,6,6,5,7
1615,7,3,9,6,5,6
1616,3,4,2,5,5,5
1617,4,2,5,8,8,5
1618,2,5,2,2,1,2
1619,6,1,6,5,7,9
1620,1,3,4,7,7,3
1621,5,9,5,1,6,6
1622,3,9,4,1,6,8
1623,7,6,5,9,5,6
1624,8,9,4,1,1,4
1625,4,1,2,5,5,3
1626,7,4,2,8,5,9
1627,5,5,8,1,2,5
1628,5,1,4,7,1,4
1629,2,4,2,6,3,8
1630,8,9,1,8,5,7
1631,8,4,1,3,2,8
1632,5,1,6,1,6,6
1633,6,3,9,7,3,5
1634,7,2,9,7,9,4
1635,2,2,7,1,1,1
1636,3,5,9,9,7,6
1637,8,7,8,8,4,9
1638,4,2,1,1,4,8
1639,9,3,4,4,3,3
1640,2,9,6,9,4,3
1641,5,4,5,9,5,1
1642,6,9,1,3,2,3
1643,3,9,4,9,9,6
1644,5,8,5,4,8,8
1645,6,3,2,8,3,4
1646,4,5,1,9,9,1
1647,3,8,5,7,6,1
1648,6,9,1,6,3,1
1649,8,5,3,2,6,3
1650,6,3,4,8,4,9
1651,4,8,5,2,4,6
1652,5,9,6,4,4,7
1653,8,8,8,4,3,5
1654,1,6,6,3,4,6
1655,6,6,2,2,7,1
1656,6,5,2,1,7,3
1657,2,2,5,2,9,6
1658,4,5,2,4,2,6
1659,9,2,2,9,4,3
1660,9,9,5,5,8,3
1661,5,3,7,3,5,3
1662,8,8,4,9,8,8
1663,8,2,8,9,2,9
1664,3,4,6,8,5,8
1665,9,2,7,6,3,5
1666,2,8,3,2,2,1
1667,9,6,4,9,3,3
1668,3,1,7,3,4,1
1669,4,8,4,7,7,7
1670,6,4,8,2,3,1
1671,5,5,1,5,3,4
1672,5,7,2,1,1,1
1673,3,1,1,6,5,2
1674,6,4,8,8,9,9
1675,5,7,6,5,8,9
1676,3,4,2,4,9,9
1677,9,4,6,7,2,5
1678,5,3,7,9,9,6
1679,1,2,4,8,6,4
1680,1,4,9,2,7,9
1681,2,7,7,4,2,3
1682,6,7,9,6,4,7
1683,8,7,4,7,1,9
1684,5,9,3,7,6,4
1685,1,4,3,1,3,5
1686,4,6,8,4,9,8
1687,3,2,1,3,4,1
1688,7,8,1,2,2,9
1689,7,3,3,4,9,9
1690,1,3,7,3,7,6
1691,2,7,2,9,7,3
1692,5,8,6,5,3,4
1693,9,7,9,7,8,1
1694,7,1,9,9,8,3
1695,1,4,6,9,8,6
1696,6,8,6,6,1,9
1697,5,3,4,6,6,2
1698,9,5,4,8,6,8
1699,9,8,9,3,7,3
1700,9,1,1,8,5,6
1701,6,8,9,8,9,6
1702,2,6,9,7,3,2
1703,7,3,4,5,3,4
1704,7,8,2,2,6,4
1705,8,5,1,6,1,3
1706,8,6,4,5,8,9
1707,2,1,3,2,3,2
1708,8,2,2,4,3,6
1709,8,6,3,4,3,5
1710,1,1,2,3,9,9
1711,7,6,2,8,2,3
1712,5,7,7,1,6,8
1713,3,9,8,2,6,8
1714,9,1,8,7,1,3
1715,5,4,3,8,7,7
1716,4,5,8,4,7,9
1717,1,7,8,4,5,3
1718,2,5,6,7,7,2
1719,9,7,2,8,8,4
1720,4,9,5,7,5,2
1721,7,2,9,8,9,3
1722,8,1,2,6,2,8
1723,5,7,1,8,8,3
1724,9,3,5,4,6,4
1725,3,5,4,1,9,7
1726,8,2,1,4,7,5
1727,9,8,7,3,8,3
1728,3,3,8,5,9,6
1729,3,1,9,7,3,8
1730,1,9,8,3,9,8
1731,8,3,6,2,9,7
1732,9,3,5,6,6,1
1733,2,1,4,5,5,9
1734,4,8,9,1,2,6
1735,1,7,3,3,1,3
1736,5,8,5,1,5,1
1737,1,5,1,6,5,5
1738,7,4,7,8,1,8
1739,8,2,6,9,2,6
1740,2,6,6,3,9,9
1741,3,8,9,6,7,3
1742,7,2,2,5,5,2
1743,3,9,3,7,7,6
1744,2,5,2,5,9,7
1745,8,5,4,7,7,4
1746,9,1,5,3,6,7
1747,7,8,1,1,8,1
1748,1,2,9,1,7,7
1749,6,2,8,3,4,7
1750,5,8,3,2,8,8
1751,3,3,3,2,3,2
1752,3,8,9,7,7,1
1753,3,8,2,8,6,4
1754,8,4,9,1,5,7
1755,1,2,1,9,7,3
1756,2,3,3,7,6,1
1757,9,8,3,9,7,2
1758,3,1,7,3,9,8
1759,1,9,1,9,7,2
1760,4,6,1,1,7,4
1761,8,8,2,3,9,6
1762,7,6,4,3,8,4
1763,5,5,7,2,6,9
1764,6,5,2,5,6,3
1765,7,6,1,5,2,8
1766,7,1,9,1,4,6
1767,8,9,8,2,4,5
1768,9,1,9,3,5,1
1769,7,3,7,3,2,1
1770,5,1,3,4,1,1
1771,6,3,2,7,8,4
1772,5,4,7,8,2,1
1773,6,5,6,8,5,1
1774,1,6,6,9,3,5
1775,9,9,6,6,7,6
1776,6,4,9,2,8,5
1777,2,9,6,1,6,6
1778,5,6,6,5,5,7
1779,2,7,7,1,5,3
1780,6,5,9,8,4,5
1781,5,1,4,9,6,8
1782,5,6,3,6,5,6
1783,1,4,7,2,1,3
1784,4,1,3,7,4,6
1785,2,5,7,6,4,2
1786,1,4,1,4,4,5
1787,4,8,1,6,3,3
1788,9,2,7,5,3,5
1789,2,9,9,8,9,2
1790,2,1,7,5,7,8
1791,3,9,4,5,7,7
1792,5,1,6,6,6,7
1793,7,2,9,2,5,5
1794,8,4,1,7,6,8
1795,5,1,5,6,8,8
1796,8,2,6,2,7,2
1797,5,1,3,2,6,9
1798,9,1,9,8,3,7
1799,2,4,4,8,9,7
1800,2,9,9,1,1,8
1801,5,6,2,5,8,1
1802,3,4,1,1,3,8
1803,4,3,2,5,7,2
1804,6,3,1,4,1,5
1805,3,8,1,6,3,9
1806,9,8,2,3,7,2
1807,1,6,3,2,7,8
1808,9,1,5,7,7,5
1809,2,5,7,3,6,5
1810,6,5,4,4,2,5
1811,9,9,7,8,4,4
1812,2,7,1,4,6,3
1813,9,2,3,3,5,7
1814,3,8,1,6,8,6
1815,2,2,6,4,5,2
1816,5,5,3,1,2,6
1817,8,8,1,7,6,3
1818,9,5,5,2,5,6
1819,3,1,2,6,7,5
1820,1,4,6,2,6,3
1821,8,7,5,6,9,9
1822,3,6,9,7,2,6
1823,4,2,2,1,9,6
1824,2,8,5,5,8,4
1825,6,1,3,6,2,9
1826,8,5,4,7,9,1
1827,8,8,5,2,6,1
1828,4,2,3,7,3,4
1829,5,5,7,3,5,2
1830,8,6,4,1,3,1
1831,1,1,7,6,8,1
1832,8,9,4,6,7,1
1833,2,5,1,7,3,1
1834,6,1,6,2,2,5
1835,2,5,3,8,3,4
1836,1,7,8,1,2,9
1837,5,3,1,6,5,7
1838,4,3,6,7,5,7
1839,8,8,3,5,9,9
1840,9,4,9,6,6,4
1841,8,1,7,8,9,6
1842,7,5,6,3,3,7
1843,8,5,6,3,4,5
1844,6,4,3,2,9,2
1845,3,2,1,1,8,8
1846,2,3,7,9,8,9
1847,1,7,5,7,3,9
1848,1,5,7,1,3,9
1849,1,7,2,8,3,7
1850,1,9,4,6,1,6
1851,8,7,6,7,4,4
1852,9,1,6,8,6,3
1853,8,7,6,9,9,7
1854,8,6,6,2,2,8
1855,4,6,5,4,9,5
1856,4,5,7,3,3,7
1857,2,6,7,1,6,9
1858,9,1,4,5,8,2
1859,4,4,8,4,1,8
1860,1,7,6,3,1,9
1861,7,2,9,6,2,5
1862,2,6,2,6,6,3
1863,6,8,2,7,9,4
1864,8,4,2,7,5,7
1865,6,8,8,8,3,7
1866,3,3,5,9,1,4
1867,6,1,5,5,8,1
1868,6,9,1,5,4,4
1869,6,4,7,8,1,2
1870,3,3,7,6,4,7
1871,8,8,6,7,8,8
1872,8,2,7,3,7,2
1873,8,9,1,4,9,4
1874,4,8,3,8,1,9
1875,6,2,7,2,7,2
1876,8,4,5,2,4,9
1877,8,4,1,4,1,9
1878,8,1,4,4,5,6
1879,6,5,8,5,4,7
1880,6,8,1,8,3,2
1881,9,9,2,9,1,5
1882,5,8,9,9,5,9
1883,9,7,4,7,9,8
1884,2,3,6,9,5,2
1885,6,5,9,8,4,7
1886,2,2,4,7,5,3
1887,9,1,9,6,9,5
1888,6,3,2,6,1,5
1889,9,6,9,9,8,6
1890,4,8,6,9,5,3
1891,7,1,2,1,9,6
1892,7,2,5,7,7,9
1893,5,6,3,7,1,7
1894,9,7,4,9,7,9
1895,1,4,5,4,9,1
1896,6,9,3,8,9,4
1897,6,9,6,2,6,3
1898,6,6,3,6,9,2
1899,3,2,7,3,7,7
1900,2,9,1,4,9,2
1901,4,4,7,4,7,7
1902,6,9,1,9,6,4
1903,5,7,3,6,6,9
1904,4,7,9,9,2,1
1905,3,1,9,9,5,6
1906,6,6,7,5,2,9
1907,4,3,6,8,5,1
1908,7,1,6,8,6,6
1909,7,3,2,2,7,5
1910,2,1,4,4,7,2
1911,6,8,4,6,2,8
1912,5,9,8,7,3,6
1913,1,6,9,5,1,1
1914,3,8,8,8,9,4
1915,3,5,8,1,5,5
1916,5,3,6,6,9,2
1917,1,7,5,2,3,2
1918,1,3,9,3,7,8
1919,4,5,2,7,4,9
1920,1,1,3,2,4,9
1921,3,2,5,1,7,3
1922,1,9,8,1,8,4
1923,9,6,1,5,3,4
1924,6,9,4,1,9,1
1925,1,8,2,4,9,1
1926,9,9,9,9,9,6
1927,6,4,8,6,7,6
1928,8,9,2,3,6,6
1929,2,2,5,6,1,9
1930,9,9,9,7,5,3
1931,9,8,7,7,5,7
1932,8,1,4,9,5,2
1933,7,7,9,9,7,9
1934,1,2,3,5,3,7
1935,5,9,4,7,6,5
1936,8,4,3,5,4,6
1937,1,4,4,9,5,4
1938,4,5,3,1,1,9
1939,7,6,7,7,4,8
1940,1,3,1,3,7,5
1941,5,5,3,9,8,5
1942,5,9,2,2,3,2
1943,7,7,2,5,5,9
1944,5,5,6,5,6,9
1945,9,5,1,3,2,2
1946,8,5,7,3,5,4
1947,1,9,8,3,7,3
1948,7,2,4,7,2,8
1949,6,7,5,9,9,9
1950,3,6,5,2,5,4
1951,3,4,7,5,3,5
1952,4,6,2,3,4,4
1953,5,7,2,2,8,4
1954,7,7,7,4,2,8
1955,9,1,3,6,3,5
1956,7,9,3,7,3,8
1957,1,6,1,9,7,6
1958,4,3,4,2,6,9
1959,3,4,7,5,1,1
1960,6,6,1,5,5,8
1961,4,3,5,9,8,7
1962,6,4,6,4,6,7
1963,6,9,8,2,8,5
1964,3,6,2,4,7,4
1965,5,1,1,1,6,2
1966,5,5,9,9,6,9
1967,9,8,6,9,6,8
1968,6,5,2,4,1,9
1969,7,6,8,1,2,9
1970,1,8,5,1,3,4
1971,5,8,4,7,7,5
1972,9,7,5,9,5,5
1973,9,3,5,1,1,1
1974,4,8,1,2,1,5
1975,8,3,1,6,1,1
1976,6,2,3,6,6,4
1977,7,9,9,8,1,7
1978,9,7,9,9,4,5
1979,8,1,3,3,8,7
1980,8,9,9,2,5,3
1981,8,3,5,5,1,8
1982,1,1,6,7,5,8
1983,9,8,2,2,4,9
1984,1,3,7,6,2,1
1985,6,2,3,8,3,7
1986,6,4,6,9,5,8
1987,8,8,2,8,1,4
1988,4,6,1,2,4,8
1989,3,1,7,2,2,3
1990,1,1,4,3,5,3
1991,5,3,7,8,7,7
1992,2,4,4,4,4,4
1993,2,2,7,1,2,6
1994,2,1,7,2,1,9
1995,4,9,6,9,9,2
1996,5,2,4,5,2,5
1997,3,6,2,9,5,4
1998,7,9,3,5,3,8
1999,2,8,9,7,4,2
2000,6,8,1,1,3,8
2001,7,3,2,8,5,6
2002,7,2,2,3,5,1
2003,3,8,1,6,8,3
2004,6,8,6,1,8,8
2005,1,2,8,1,4,5
2006,4,2,9,6,7,7
2007,9,4,5,9,2,6
2008,1,3,5,4,6,3
2009,8,1,6,1,3,5
2010,4,9,6,5,4,7
2011,8,4,4,4,2,7
2012,1,1,9,2,7,8
2013,4,1,2,7,5,5
2014,4,3,3,2,6,2
2015,1,3,5,2,7,1
2016,9,9,3,8,6,8
2017,8,4,9,2,9,2
2018,2,6,9,5,2,5
2019,5,5,3,2,5,8
2020,2,5,8,6,1,3
2021,7,2,6,3,4,9
2022,9,9,9,4,9,4
2023,1,7,4,6,8,7
2024,1,6,1,7,5,9
2025,6,8,9,6,7,1
2026,2,6,4,5,3,2
2027,8,7,3,9,4,1
2028,4,3,5,6,8,1
2029,3,9,6,6,6,2
2030,3,1,1,2,4,9
2031,9,4,5,8,6,7
2032,8,8,1,6,5,1
2033,6,2,8,8,2,2
2034,2,8,2,8,7,6
2035,3,9,9,3,4,4
2036,6,3,8,2,4,6
2037,5,9,5,8,6,4
2038,5,6,8,8,4,4
2039,7,2,4,8,3,8
2040,3,2,9,8,2,4
2041,3,8,9,1,7,5
2042,1,4,8,8,6,2
2043,2,8,5,2,1,7
2044,7,8,2,7,7,7
2045,2,5,2,8,8,9
2046,4,4,5,6,1,3
2047,4,5,9,3,1,6
2048,3,3,5,5,1,6
2049,7,2,8,1,6,7
2050,4,6,8,8,1,8
2051,6,4,2,7,8,8
2052,5,5,7,2,9,7
2053,7,5,3,8,2,6
2054,3,6,3,7,1,6
2055,2,2,8,6,8,1
2056,9,6,7,2,7,3
2057,8,4,8,1,1,1
2058,9,5,5,1,2,7
2059,6,4,8,3,5,3
2060,7,1,3,8,2,2
2061,1,3,2,1,4,1
2062,6,6,8,6,4,6
2063,2,2,9,5,3,7
2064,9,4,3,2,2,9
2065,7,7,8,8,9,7
2066,6,2,8,7,2,3
2067,7,6,6,5,1,8
2068,9,6,8,8,7,3
2069,6,6,9,9,9,4
2070,3,9,2,6,9,3
2071,9,7,2,6,9,9
2072,9,1,1,7,6,6
2073,3,4,4,6,8,3
2074,6,7,6,9,4,2
2075,8,1,2,6,7,8
2076,7,9,4,9,9,5
2077,3,5,2,9,8,7
2078,5,4,7,9,3,3
2079,7,6,6,8,9,3
2080,2,5,6,9,2,6
2081,9,1,4,4,6,8
2082,6,8,5,2,2,8
2083,6,5,2,4,1,6
2084,4,5,8,6,3,7
2085,8,6,1,8,2,4
2086,1,2,6,5,5,2
2087,6,1,9,4,8,8
2088,8,6,3,2,5,4
2089,2,5,5,8,1,6
2090,8,1,4,9,2,9
2091,3,5,5,8,9,2
2092,8,4,8,9,8,2
2093,7,4,1,5,9,1
2094,6,7,2,3,2,8
2095,9,3,4,7,5,7
2096,8,2,2,6,1,3
2097,8,8,8,5,5,5
2098,5,5,8,8,4,8
2099,7,9,5,6,2,1
2100,5,5,5,2,6,9
2101,9,9,2,5,6,1
2102,8,7,4,1,4,4
2103,4,5,5,9,1,6
2104,4,6,9,4,1,8
2105,7,6,5,1,9,8
2106,2,6,6,4,6,3
2107,8,5,8,3,6,6
2108,7,3,4,5,9,7
2109,9,4,5,8,1,7
2110,9,2,9,1,1,1
2111,2,3,3,8,7,8
2112,5,5,8,1,3,8
2113,3,3,2,4,5,3
2114,1,6,8,8,8,8
2115,5,8,4,3,5,7
2116,5,6,2,6,5,3
2117,4,5,5,9,3,5
2118,9,4,4,9,8,4
2119,5,1,6,7,3,6
2120,7,9,5,9,3,8
2121,7,2,1,3,3,2
2122,5,7,8,1,7,1
2123,9,9,4,7,5,9
2124,5,2,4,3,7,5
2125,6,5,8,4,9,8
2126,5,9,1,6,3,1
2127,1,2,2,1,6,5
2128,9,9,7,3,3,1
2129,7,8,6,2,2,9
2130,7,7,5,8,1,1
2131,9,1,4,4,4,7
2132,9,6,5,7,6,7
2133,9,7,4,8,6,7
2134,9,3,6,5,9,2
2135,9,2,5,3,3,9
2136,5,1,3,6,3,3
2137,3,2,5,9,2,8
2138,9,4,4,5,6,5
2139,7,3,9,1,7,5
2140,1,7,4,2,2,2
2141,8,3,8,8,4,3
2142,2,3,3,7,8,5
2143,8,1,2,1,5,4
2144,3,6,2,4,9,6
2145,8,2,2,2,4,3
2146,7,3,2,3,1,1
2147,1,3,5,2,3,5
2148,6,4,9,5,9,8
2149,5,9,5,2,5,1
2150,1,2,6,8,9,1
2151,1,3,5,6,9,8
2152,6,3,1,8,4,5
2153,3,8,2,6,3,2
2154,7,9,1,7,3,9
2155,2,7,3,9,5,2
2156,8,3,6,9,4,6
2157,9,8,6,9,4,3
2158,6,6,2,1,8,7
2159,4,8,6,8,9,1
2160,3,1,7,5,1,9
2161,2,3,9,7,2,9
2162,7,1,9,9,7,8
2163,2,7,4,6,9,2
2164,8,9,5,4,2,6
2165,3,3,3,7,1,1
2166,3,2,7,7,4,1
2167,6,4,5,9,9,8
2168,9,7,7,3,6,2
2169,8,2,1,3,3,5
2170,8,6,6,5,3,5
2171,1,8,2,2,6,5
2172,7,7,7,2,1,4
2173,5,5,4,1,9,3
2174,4,5,4,5,4,7
2175,2,2,6,7,7,8
2176,5,1,1,1,1,7
2177,4,1,4,4,3,1
2178,4,2,8,8,4,8
2179,1,4,4,3,1,1
2180,1,6,5,2,7,4
2181,8,1,2,4,7,8
2182,7,5,5,7,9,3
2183,7,7,9,8,9,5
2184,8,2,3,8,3,9
2185,1,9,5,8,4,9
2186,1,7,8,4,8,3
2187,7,9,9,3,3,8
2188,1,1,5,9,7,1
2189,9,6,3,9,3,9
2190,7,3,6,8,7,6
2191,7,3,8,6,4,3
2192,3,7,7,2,9,7
2193,3,4,5,1,6,5
2194,1,1,9,6,3,5
2195,9,2,1,5,1,8
2196,7,6,8,6,9,7
2197,8,5,9,8,7,1
2198,3,9,7,4,6,2
2199,7,7,9,6,9,5
2200,6,2,6,2,2,8
2201,3,6,9,2,9,1
2202,9,2,4,8,1,5
2203,1,6,5,4,6,3
2204,1,4,6,7,5,8
2205,2,2,9,2,4,5
2206,3,2,7,9,3,9
2207,8,8,1,9,4,3
2208,7,8,3,7,4,7
2209,4,3,7,9,7,9
2210,8,9,4,2,8,9
2211,2,7,1,5,9,9
2212,4,8,6,9,3,1
2213,2,8,1,3,3,4
2214,5,5,6,9,9,3
2215,7,5,1,9,3,9
2216,4,6,6,9,2,6
2217,1,5,4,1,4,8
2218,7,8,2,6,2,9
2219,8,2,1,1,7,7
2220,1,3,1,7,9,3
2221,4,9,2,1,2,9
2222,4,7,5,5,2,5
2223,7,8,8,3,5,9
2224,4,1,2,4,9,3
2225,5,2,8,3,7,7
2226,7,4,8,5,2,2
2227,7,2,3,4,9,8
2228,6,4,6,3,7,8
2229,5,4,8,8,2,1
2230,7,6,1,9,3,3
2231,9,6,2,8,9,8
2232,3,9,6,7,1,1
2233,9,3,4,8,6,9
2234,3,1,9,5,4,5
2235,3,3,9,6,5,5
2236,4,4,5,5,7,1
2237,8,7,5,9,3,2
2238,6,3,4,6,5,5
2239,7,8,2,5,5,2
2240,8,9,4,3,7,6
2241,6,8,9,4,5,1
2242,2,8,3,3,3,9
2243,2,5,8,7,2,1
2244,6,8,5,9,8,4
2245,2,9,2,2,4,2
2246,6,6,5,6,4,5
2247,6,9,4,3,6,4
2248,3,6,5,4,1,2
2249,8,4,1,1,3,2
2250,9,9,3,9,2,9
2251,5,8,7,5,1,7
2252,2,3,8,8,7,3
2253,2,8,9,8,6,5
2254,8,8,1,7,9,9
2255,1,7,4,1,5,3
2256,8,6,5,7,4,5
2257,6,8,9,4,8,3
2258,6,2,2,3,5,4
2259,4,9,9,3,6,9
2260,9,2,3,4,7,4
2261,7,5,9,8,8,5
2262,9,4,6,4,4,8
2263,3,3,1,4,8,7
2264,3,2,1,8,8,7
2265,3,1,9,6,2,6
2266,4,2,7,3,5,6
2267,5,4,5,2,8,9
2268,5,5,6,3,3,6
2269,5,2,1,9,5,3
2270,2,5,1,2,9,5
2271,8,1,5,1,1,4
2272,6,6,3,5,9,4
2273,5,1,2,5,2,7
2274,3,1,5,2,7,2
2275,6,8,8,8,6,8
2276,7,5,6,3,9,7
2277,6,4,4,8,4,5
2278,4,9,9,5,3,1
2279,1,4,4,6,7,6
2280,3,2,5,3,8,2
2281,6,4,9,3,6,1
2282,4,7,2,8,5,2
2283,8,7,3,5,8,3
2284,8,2,2,8,5,1
2285,6,8,4,5,3,4
2286,1,6,1,4,6,1
2287,1,2,4,7,2,9
2288,4,8,7,2,6,9
2289,2,7,5,7,7,8
2290,6,1,4,3,6,7
2291,8,6,7,7,1,3
2292,8,8,7,9,3,4
2293,6,5,9,6,6,8
2294,4,3,9,7,3,8
2295,5,4,2,4,3,6
2296,2,3,4,1,1,5
2297,8,4,9,7,8,7
2298,7,7,3,3,1,3
2299,5,4,5,6,6,9
2300,7,7,3,8,5,3
2301,7,7,1,2,1,5
2302,1,9,3,8,8,1
2303,7,6,6,6,1,8
2304,3,7,9,4,3,2
2305,2,8,3,3,8,4
2306,6,4,4,5,4,2
2307,6,3,8,3,5,6
2308,9,7,3,3,9,2
2309,5,2,2,3,5,9
2310,1,8,2,7,3,8
2311,5,2,1,9,7,4
2312,9,8,3,5,3,8
2313,2,6,5,7,7,2
2314,2,8,3,6,4,1
2315,7,4,2,4,2,8
2316,4,7,5,1,5,6
2317,1,9,2,9,2,5
2318,8,5,2,1,9,6
2319,5,1,5,9,4,2
2320,6,2,4,4,1,2
2321,2,8,7,9,2,4
2322,8,1,8,4,9,7
2323,3,5,6,3,6,4
2324,3,9,2,2,4,8
2325,8,2,4,1,9,9
2326,1,3,9,2,8,1
2327,4,1,5,2,2,2
2328,9,5,8,7,8,9
2329,3,9,1,9,8,5
2330,3,2,6,1,6,9
2331,5,9,5,1,5,6
2332,2,4,7,1,4,6
2333,8,6,4,8,4,1
2334,3,9,8,9,7,2
2335,2,6,9,2,9,1
2336,2,4,2,5,6,3
2337,5,2,3,7,2,2
2338,7,8,3,8,5,7
2339,5,9,2,6,6,9
2340,3,1,8,5,8,4
2341,6,3,5,8,3,6
2342,7,4,8,8,4,4
2343,5,6,6,3,5,1
2344,7,9,7,9,8,1
2345,5,5,2,4,2,6
2346,7,3,2,5,3,5
2347,1,1,7,7,3,3
2348,5,7,3,6,3,1
2349,6,3,5,4,9,7
2350,5,9,3,2,1,9
2351,5,6,8,3,7,3
2352,1,3,3,8,8,1
2353,1,8,8,1,7,6
2354,2,4,4,3,1,9
2355,3,9,4,4,7,9
2356,5,9,8,6,4,2
2357,3,6,8,8,8,9
2358,7,1,7,9,4,6
2359,4,4,2,1,7,3
2360,6,7,2,4,2,6
2361,7,6,6,4,5,1
2362,4,6,8,8,4,7
2363,5,5,7,5,3,6
2364,9,2,5,5,7,4
2365,2,8,8,7,2,4
2366,2,2,9,3,2,4
2367,9,2,2,8,1,3
2368,1,3,3,3,2,8
2369,9,2,9,1,4,5
2370,9,5,8,8,3,2
2371,6,7,9,6,3,5
2372,4,3,4,2,1,2
2373,4,3,2,7,1,9
2374,4,3,8,8,4,9
2375,1,4,5,9,2,1
2376,9,8,2,6,9,7
2377,5,7,4,5,5,3
2378,6,1,1,6,4,2
2379,4,4,6,4,6,5
2380,9,1,1,9,4,4
2381,5,6,2,4,3,8
2382,7,1,3,8,8,8
2383,3,4,8,4,5,3
2384,4,1,7,7,6,3
2385,5,4,5,2,1,4
2386,4,1,6,7,6,2
2387,8,6,9,6,2,2
2388,7,1,9,1,4,4
2389,2,2,6,2,6,7
2390,3,7,4,2,7,8
2391,9,6,1,4,6,7
2392,8,6,8,9,5,6
2393,9,5,4,8,6,2
2394,8,4,2,8,4,9
2395,2,4,3,2,3,7
2396,5,2,2,2,2,9
2397,9,3,4,8,4,9
2398,6,3,8,9,3,5
2399,6,3,8,1,5,3
2400,3,6,8,5,7,9
2401,2,7,2,1,5,5
2402,7,9,2,6,7,2
2403,7,4,9,5,2,3
2404,5,1,2,4,3,1
2405,3,5,5,3,9,4
2406,9,2,9,9,2,4
2407,8,9,4,2,8,3
2408,1,4,4,9,4,3
2409,2,7,4,1,1,7
2410,1,5,5,8,2,8
2411,1,9,2,9,9,4
2412,2,1,9,3,3,4
2413,9,9,4,1,8,9
2414,2,1,6,7,9,1
2415,1,1,6,1,4,6
2416,1,9,2,5,9,2
2417,5,5,6,2,5,2
2418,8,2,6,9,9,7
2419,1,4,3,7,8,5
2420,6,6,9,2,8,8
2421,9,7,1,2,6,2
2422,9,2,7,3,4,4
2423,1,8,6,8,9,6
2424,7,9,5,1,7,4
2425,1,5,4,2,2,9
2426,8,5,8,7,4,3
2427,8,7,4,3,3,2
2428,6,7,4,6,2,6
2429,4,9,5,4,7,5
2430,6,7,2,8,3,4
2431,1,5,4,5,4,4
2432,1,1,8,6,9,8
2433,2,4,9,2,4,8
2434,4,2,7,4,1,7
2435,9,1,8,5,1,9
2436,2,8,6,6,4,4
2437,9,3,1,2,4,5
2438,1,2,6,3,5,9
2439,3,8,3,9,5,1
2440,6,6,8,5,5,7
2441,3,7,2,7,4,3
2442,4,4,8,5,9,6
2443,7,2,5,3,9,8
2444,9,6,9,9,3,2
2445,8,5,6,8,4,5
2446,9,6,8,1,3,1
2447,6,6,2,2,4,7
2448,9,7,9,7,4,1
2449,1,2,6,3,8,6
2450,5,2,9,1,2,6
2451,3,7,3,9,3,3
2452,6,6,6,7,7,4
2453,8,8,3,5,3,6
2454,8,3,1,9,5,9
2455,8,9,9,2,8,5
2456,8,4,8,6,3,2
2457,5,6,4,1,2,3
2458,2,4,5,8,8,2
2459,6,7,9,1,2,8
2460,9,3,5,9,8,6
2461,2,8,3,8,6,3
2462,3,9,1,6,9,6
2463,4,6,4,3,2,6
2464,6,9,1,3,5,3
2465,5,1,6,3,9,3
2466,6,7,9,4,8,1
2467,8,1,2,3,5,3
2468,2,6,4,6,4,1
2469,4,4,2,7,8,2
2470,9,6,2,4,6,5
2471,8,8,5,7,2,6
2472,3,7,2,4,4,6
2473,5,6,6,3,3,5
2474,3,3,3,7,3,1
2475,3,8,3,5,4,4
2476,7,8,8,9,3,1
2477,2,4,8,4,3,4
2478,3,1,7,8,7,7
2479,5,6,8,1,4,5
2480,3,7,1,1,8,5
2481,1,6,4,3,9,1
2482,9,2,5,2,4,1
2483,9,9,1,7,5,3
2484,8,8,8,4,3,6
2485,5,3,2,4,1,9
2486,4,9,7,7,9,9
2487,2,5,8,9,3,9
2488,1,8,7,8,1,9
2489,3,8,4,8,5,5
2490,9,9,1,1,7,2
2491,9,6,2,3,3,4
2492,2,9,2,7,3,3
2493,8,5,9,3,2,2
2494,3,7,8,3,5,5
2495,8,5,6,1,4,8
2496,8,7,5,5,5,5
2497,7,1,2,5,3,7
2498,3,4,5,3,1,5
2499,5,9,7,8,7,4
2500,8,7,7,6,1,6
2501,4,8,5,6,8,4
2502,4,7,4,9,4,6
2503,1,1,2,6,8,7
2504,7,8,7,4,8,1
2505,6,2,9,6,6,2
2506,4,4,4,3,6,2
2507,6,6,4,4,2,9
2508,5,4,4,1,6,6
2509,6,1,3,5,3,5
2510,8,2,8,2,9,5
2511,9,5,9,4,2,4
2512,6,6,4,7,8,6
2513,7,7,2,3,6,6
2514,6,5,2,8,8,8
2515,7,9,5,6,2,4
2516,1,3,9,9,5,7
2517,9,4,5,9,2,4
2518,8,5,1,1,8,5
2519,6,8,1,7,5,3
2520,1,8,1,9,2,3
2521,9,1,9,8,4,4
2522,7,5,4,7,1,5
2523,3,3,4,4,2,6
2524,7,7,5,3,7,4
2525,9,1,9,7,6,6
2526,6,6,8,1,6,7
2527,1,4,6,6,2,6
2528,2,9,6,1,8,2
2529,1,7,4,9,7,3
2530,1,3,8,8,9,4
2531,1,2,1,7,2,4
2532,1,6,1,3,4,1
2533,4,5,7,9,1,4
2534,3,6,8,2,9,5
2535,1,2,2,7,6,2
2536,6,5,6,1,2,2
2537,3,9,3,9,7,5
2538,2,9,8,7,8,9
2539,7,5,4,7,4,8
2540,7,9,1,5,7,5
2541,2,7,5,9,8,4
2542,3,7,9,7,7,9
2543,1,1,8,9,6,5
2544,9,4,4,8,5,3
2545,4,2,3,1,7,3
2546,4,6,9,4,6,5
2547,1,6,7,2,3,8
2548,6,8,8,3,4,1
2549,4,3,3,4,1,8
2550,5,7,5,7,3,8
2551,2,6,4,8,1,1
2552,2,6,4,6,8,5
2553,7,3,2,7,8,2
2554,1,7,6,6,9,6
2555,5,1,5,5,8,5
2556,1,9,2,9,7,8
2557,3,1,9,8,4,6
2558,5,2,7,7,7,8
2559,4,8,2,6,5,6
2560,6,4,9,6,9,6
2561,8,2,3,9,1,9
2562,4,2,1,1,5,4
2563,7,3,2,6,9,9
2564,9,5,1,8,3,7
2565,4,2,6,5,4,5
2566,2,6,8,4,2,7
2567,2,7,6,1,6,9
2568,4,3,5,8,3,9
2569,7,7,6,5,6,8
2570,4,8,6,9,1,3
2571,1,4,9,3,5,7
2572,2,6,6,9,6,9
2573,1,4,2,8,8,6
2574,4,6,6,2,5,9
2575,8,9,5,8,6,3
2576,4,2,2,4,5,7
2577,2,4,9,5,5,8
2578,3,4,4,9,1,6
2579,2,6,8,4,5,6
2580,3,4,3,3,2,5
2581,6,3,6,5,2,6
2582,3,1,4,7,5,6
2583,9,7,6,3,4,8
2584,5,8,3,4,4,7
2585,4,5,1,2,3,3
2586,2,1,5,4,2,7
2587,3,7,4,2,9,8
2588,2,3,1,2,5,1
2589,6,7,3,4,4,5
2590,7,3,5,9,9,2
2591,9,2,7,2,1,6
2592,4,3,2,8,5,4
2593,8,7,6,3,8,2
2594,8,3,4,2,3,8
2595,9,8,8,8,8,6
2596,3,8,3,6,4,8
2597,4,4,7,9,1,1
2598,4,5,2,6,3,4
2599,4,9,7,8,9,2
2600,8,2,7,1,3,7
2601,3,6,4,6,5,5
2602,8,7,5,7,6,3
2603,5,4,7,2,6,2
2604,2,3,7,9,8,9
2605,6,7,3,8,8,3
2606,8,9,2,2,8,9
2607,2,8,4,6,9,3
2608,5,3,8,1,5,6
2609,5,3,5,2,4,2
2610,1,5,4,7,5,2
2611,2,6,1,8,1,2
2612,7,1,4,6,7,6
2613,4,3,4,7,3,1
2614,6,3,9,1,3,3
2615,8,1,8,1,1,3
2616,1,8,4,2,8,2
2617,4,3,2,5,8,6
2618,4,4,9,2,3,2
2619,3,5,8,3,5,2
2620,7,9,6,4,6,2
2621,3,9,9,1,9,8
2622,1,1,6,9,5,1
2623,9,6,9,2,8,6
2624,1,5,3,9,7,2
2625,4,2,5,9,3,4
2626,5,5,8,7,3,4
2627,1,1,1,6,4,6
2628,4,6,1,1,2,5
2629,3,7,1,2,6,5
2630,9,3,1,5,6,4
2631,5,6,5,4,2,1
2632,7,3,2,7,7,6
2633,9,4,7,1,7,2
2634,7,4,6,2,3,5
2635,4,3,4,9,1,7
2636,2,8,6,7,2,4
2637,1,9,5,4,2,5
2638,1,2,9,6,5,7
2639,1,3,8,2,1,2
2640,8,7,8,3,4,9
2641,5,4,8,2,8,5
2642,5,5,8,2,8,6
2643,6,2,5,7,2,4
2644,6,1,3,3,6,7
2645,7,7,3,8,2,7
2646,7,1,5,9,5,2
2647,8,7,2,2,2,9
2648,2,3,5,3,5,2
2649,9,8,5,2,7,4
2650,7,5,3,1,7,4
2651,2,8,3,5,5,8
2652,3,4,8,2,1,9
2653,4,7,7,6,9,6
2654,2,3,3,2,2,2
2655,9,3,9,4,5,9
2656,1,8,9,3,4,6
2657,2,9,2,6,9,6
2658,6,8,4,4,3,2
2659,5,3,9,8,4,6
2660,8,7,8,9,7,4
2661,7,7,9,3,3,2
2662,8,5,4,6,7,5
2663,5,8,6,7,8,6
2664,6,4,7,8,4,5
2665,9,8,7,4,8,6
2666,3,3,9,5,6,3
2667,2,8,6,8,4,3
2668,4,5,7,7,6,8
2669,6,9,6,9,5,9
2670,7,9,8,5,3,4
2671,8,8,2,3,8,9
2672,5,6,8,6,7,5
2673,5,5,3,6,9,4
2674,2,9,4,9,8,1
2675,7,2,5,2,3,8
2676,6,6,7,3,6,4
2677,9,5,8,6,1,4
2678,5,2,1,2,5,6
2679,8,3,2,2,4,8
2680,9,4,5,6,3,9
2681,8,1,8,2,2,5
2682,8,2,1,7,7,3
2683,6,7,8,8,2,1
2684,1,5,3,6,9,1
2685,6,2,4,2,3,7
2686,4,2,5,9,5,5
2687,1,2,9,8,5,7
2688,7,7,9,6,5,1
2689,6,2,8,9,9,7
2690,2,3,5,8,4,3
2691,2,1,1,9,3,6
2692,9,7,6,7,6,6
2693,2,2,8,9,5,7
2694,4,2,6,8,8,2
2695,2,8,1,7,3,2
2696,7,7,6,8,1,3
2697,4,8,6,6,1,9
2698,5,4,5,4,1,4
2699,1,7,4,5,8,4
2700,4,2,3,8,6,2
2701,6,4,7,1,3,3
2702,5,9,3,8,8,7
2703,1,2,3,8,5,6
2704,7,7,9,6,7,1
2705,9,6,1,8,7,8
2706,1,6,5,1,4,8
2707,3,2,6,8,9,6
2708,9,2,8,9,4,5
2709,8,8,2,5,8,7
2710,7,6,5,4,5,2
2711,2,2,4,2,2,7
2712,7,9,1,1,2,8
2713,9,7,6,8,7,3
2714,5,8,4,1,8,7
2715,8,5,8,9,8,8
2716,8,5,9,2,3,9
2717,5,9,9,5,8,9
2718,7,5,3,3,1,7
2719,6,2,9,4,6,1
2720,7,4,3,9,6,8
2721,6,2,8,2,9,7
2722,4,1,1,6,4,8
2723,2,9,4,8,6,8
2724,9,7,9,6,5,4
2725,1,9,6,1,6,8
2726,5,7,7,5,8,2
2727,9,2,5,8,3,3
2728,9,3,6,1,7,1
2729,1,5,9,9,8,6
2730,4,6,5,6,8,4
2731,3,3,9,9,9,4
2732,7,5,1,7,5,3
2733,1,7,5,7,7,1
2734,6,3,7,1,6,6
2735,9,4,5,8,2,6
2736,6,9,5,5,8,3
2737,8,2,5,1,8,7
2738,9,5,3,6,1,6
2739,9,2,2,3,8,5
2740,5,9,5,4,2,1
2741,1,3,9,5,8,5
2742,6,8,3,6,7,2
2743,6,1,9,9,1,6
2744,1,8,2,9,2,9
2745,7,4,4,8,1,3
2746,8,5,9,6,2,8
2747,4,4,8,4,1,5
2748,1,2,6,6,3,6
2749,2,6,3,6,7,6
2750,6,8,4,3,4,7
2751,2,6,3,7,5,6
2752,2,3,1,7,5,9
2753,7,1,6,3,4,4
2754,3,7,1,7,2,7
2755,9,3,9,5,1,6
2756,6,1,6,4,3,5
2757,8,4,6,9,4,7
2758,7,7,8,1,8,6
2759,8,1,3,1,3,4
2760,7,2,6,6,9,2
2761,1,4,4,4,9,2
2762,4,9,8,8,7,9
2763,8,4,8,4,7,8
2764,3,6,9,7,5,9
2765,2,6,5,7,8,6
2766,6,2,5,8,9,2
2767,9,4,8,1,9,9
2768,9,3,5,1,2,3
2769,2,8,3,1,9,4
2770,8,5,4,8,8,1
2771,2,5,1,2,4,7
2772,4,5,7,8,9,6
2773,2,7,3,2,1,4
2774,9,4,8,2,8,8
2775,2,3,7,3,2,2
2776,4,1,8,7,3,7
2777,6,8,3,1,6,4
2778,8,9,3,7,4,4
2779,4,8,8,7,6,5
2780,1,4,9,9,4,2
2781,7,1,5,5,1,3
2782,9,8,2,9,2,3
2783,8,4,1,1,6,1
2784,4,3,4,5,3,2
2785,1,3,2,7,5,5
2786,8,9,3,6,7,2
2787,2,6,4,9,1,2
2788,4,9,7,7,7,5
2789,3,8,6,6,2,1
2790,1,8,6,1,3,3
2791,5,3,3,2,7,8
2792,8,1,4,4,4,7
2793,9,9,3,2,9,7
2794,4,1,6,8,8,5
2795,4,8,8,1,7,6
2796,2,9,4,9,7,1
2797,3,7,9,4,2,2
2798,2,1,1,5,5,2
2799,2,3,1,1,1,9
2800,8,4,6,6,2,9
2801,7,2,3,8,8,1
2802,8,5,9,3,6,2
2803,8,2,4,3,3,8
2804,9,7,3,9,2,8
2805,8,2,1,1,5,2
2806,6,7,5,9,4,3
2807,9,6,2,7,9,3
2808,5,1,2,2,8,3
2809,6,1,8,1,6,2
2810,6,2,8,7,5,5
2811,8,8,7,1,3,8
2812,1,6,7,7,8,5
2813,4,8,8,3,7,2
2814,8,6,6,2,8,3
2815,3,3,1,4,2,5
2816,1,1,9,1,1,3
2817,2,6,7,8,3,3
2818,2,3,7,3,6,8
2819,2,5,8,1,6,8
2820,8,1,9,3,4,6
2821,4,7,5,7,1,8
2822,6,5,9,5,8,5
2823,3,9,1,3,5,3
2824,4,5,1,7,4,6
2825,4,5,7,1,1,1
2826,4,8,4,5,9,9
2827,4,8,8,9,4,8
2828,6,2,3,1,3,6
2829,8,7,4,8,6,1
2830,2,8,8,8,1,6
2831,8,9,5,8,9,8
2832,9,5,2,6,5,8
2833,4,3,9,6,7,9
2834,5,7,5,2,6,8
2835,1,4,9,1,9,2
2836,6,8,3,1,7,2
2837,1,8,8,8,8,2
2838,5,4,2,3,4,5
2839,9,2,8,6,2,7
2840,8,1,1,9,6,8
2841,9,8,6,2,8,7
2842,7,9,4,7,9,2
2843,5,5,6,5,7,2
2844,5,6,9,5,5,3
2845,8,9,6,1,8,9
2846,6,1,5,8,7,4
2847,3,2,1,7,1,8
2848,2,6,7,3,2,2
2849,9,1,1,3,1,2
2850,2,2,6,2,8,9
2851,2,7,2,3,8,7
2852,5,1,5,1,8,2
2853,7,3,3,8,7,4
2854,9,7,4,1,8,3
2855,7,6,3,5,5,2
2856,1,4,5,5,4,8
2857,7,1,3,4,7,6
2858,9,7,3,9,8,7
2859,4,4,7,8,5,9
2860,4,5,5,3,9,6
2861,8,9,4,8,5,4
2862,3,8,8,2,2,6
2863,7,1,2,8,2,7
2864,2,4,2,5,1,3
2865,8,1,9,6,6,5
2866,6,4,8,2,9,7
2867,7,4,2,7,6,2
2868,8,5,5,8,1,1
2869,6,7,2,6,4,6
2870,7,2,5,7,4,8
2871,5,4,1,8,2,7
2872,7,2,6,5,3,7
2873,7,8,3,4,8,4
2874,7,3,6,7,5,8
2875,9,8,9,5,4,5
2876,4,9,6,7,3,8
2877,2,8,3,8,7,6
2878,8,6,5,6,3,3
2879,9,1,5,1,4,9
2880,9,7,6,2,9,6
2881,6,1,8,6,4,8
2882,8,8,9,8,2,2
2883,5,5,9,6,4,3
2884,4,5,6,5,5,3
2885,1,2,9,9,6,2
2886,1,5,3,7,6,4
2887,4,1,4,6,9,4
2888,9,8,2,2,2,9
2889,1,5,1,5,6,5
2890,6,1,1,7,3,8
2891,8,4,8,8,2,4
2892,7,7,2,3,3,6
2893,7,7,7,8,7,2
2894,6,1,4,4,5,8
2895,5,2,4,9,8,8
2896,6,3,2,3,7,3
2897,1,2,4,6,9,3
2898,9,5,7,5,2,6
2899,6,2,9,4,1,7
2900,6,7,5,7,6,8
2901,3,1,4,2,8,5
2902,6,1,6,9,7,2
2903,3,5,7,1,8,9
2904,1,5,5,9,3,3
2905,9,5,8,1,4,3
2906,1,9,9,5,6,8
2907,5,3,4,2,3,7
2908,7,9,1,8,9,2
2909,8,9,8,6,6,3
2910,9,3,3,2,2,3
2911,7,1,4,1,6,6
2912,6,8,7,5,1,2
2913,6,3,4,9,3,2
2914,7,3,7,1,1,6
2915,4,5,6,7,4,1
2916,5,3,1,5,3,2
2917,2,5,8,7,2,1
2918,9,6,7,2,3,5
2919,3,2,9,5,2,8
2920,3,6,3,2,4,5
2921,3,8,9,4,3,9
2922,3,2,8,3,3,7
2923,4,8,7,1,1,8
2924,2,3,5,5,8,1
2925,9,6,6,6,5,6
2926,3,8,5,9,5,7
2927,2,8,5,6,2,5
2928,3,3,4,1,4,7
2929,5,6,9,5,2,8
2930,6,3,1,8,4,4
2931,5,9,3,6,2,5
2932,8,4,3,6,5,8
2933,1,7,1,5,9,5
2934,7,5,2,2,3,4
2935,3,9,9,4,6,7
2936,3,1,3,6,2,4
2937,2,1,6,8,8,5
2938,4,4,2,5,5,1
2939,3,8,7,1,9,6
2940,8,1,4,7,2,7
2941,6,6,1,3,1,6
2942,1,6,7,3,3,2
2943,6,1,2,9,4,7
2944,8,9,8,4,1,4
2945,8,6,6,4,7,5
2946,1,5,2,2,5,4
2947,4,9,5,1,4,5
2948,3,8,2,5,9,5
2949,2,1,1,7,5,3
2950,5,1,2,4,3,1
2951,5,6,3,9,7,9
2952,1,6,6,2,2,1
2953,5,6,9,1,3,1
2954,4,1,9,6,2,4
2955,2,7,4,5,8,4
2956,1,9,8,8,4,8
2957,5,6,3,3,7,5
2958,9,7,4,2,3,2
2959,7,6,6,2,7,7
2960,7,8,3,9,9,2
2961,1,7,9,3,6,6
2962,6,3,3,4,8,1
2963,7,8,7,8,1,2
2964,6,3,5,7,7,3
2965,8,3,4,6,8,6
2966,9,3,5,5,9,5
2967,4,4,4,2,4,1
2968,6,8,5,8,5,9
2969,6,5,9,8,9,9
2970,7,8,7,9,8,2
2971,2,3,2,1,4,6
2972,7,1,1,8,5,2
2973,6,9,6,3,3,8
2974,3,1,5,9,8,6
2975,1,9,1,7,7,2
2976,5,2,9,9,6,4
2977,5,5,6,5,5,9
2978,7,1,1,4,9,3
2979,4,6,9,1,9,1
2980,5,9,5,5,2,8
2981,7,1,7,2,7,5
2982,2,8,7,6,3,9
2983,1,8,6,4,6,5
2984,5,4,2,2,2,1
2985,3,1,4,4,6,6
2986,4,4,1,9,4,3
2987,3,9,4,5,4,7
2988,4,8,2,4,9,7
2989,7,3,7,2,1,5
2990,6,5,5,6,6,8
2991,6,8,1,4,3,3
2992,2,7,2,1,1,8
2993,3,1,8,4,3,8
2994,6,5,5,1,1,5
2995,1,9,3,2,7,1
2996,2,3,7,9,5,7
2997,9,5,9,6,4,5
2998,5,2,1,7,3,6
2999,8,6,1,4,8,1
